Order_ID,Gender_Category,Product_Line,Product_Name,Size,Units_Sold,MRP,Discount_Applied,Revenue,Order_Date,Sales_Channel,Region,Profit,Revenue_in Thousands
2000,Kids,Training,SuperRep Go,M,0.0,6110.030000000001,0.47,0.0,2024-03-09,Online,Bangalore,-770.45,0.0
2001,Women,Soccer,Tiempo Legend,M,3.0,4957.93,0.0,0.0,2024-07-09,Retail,Hyderabad,-112.53,0.0
2003,Kids,Lifestyle,Blazer Mid,L,0.0,9673.57,0.0,0.0,04-10-2024,Online,Pune,3376.85,0.0
2004,Kids,Running,React Infinity,XL,0.0,6110.030000000001,0.0,0.0,2024/09/12,Retail,Delhi,187.89,0.0
2006,Men,Training,SuperRep Go,M,0.0,6819.78,0.0,0.0,04-06-2025,Online,Bangalore,1802.09,0.0
2008,Women,Soccer,Premier III,11,-1.0,6110.030000000001,0.0,0.0,11-10-2024,Online,Hyderabad,-731.18,0.0
2010,Kids,Lifestyle,Waffle One,L,1.0,7949.83,0.0,0.0,2025/01/16,Online,Pune,1965.56,0.0
2018,Kids,Lifestyle,Blazer Mid,Unknown,-1.0,6110.030000000001,0.86,0.0,13-11-2024,Online,Delhi,2109.48,0.0
2013,Kids,Training,SuperRep Go,Unknown,0.0,9671.05,0.0,0.0,19-09-2024,Online,Hyderabad,299.34,0.0
2014,Women,Running,React Infinity,11,0.0,6110.030000000001,0.0,0.0,2025-04-12,Online,Bangalore,-1044.4,0.0
2015,Kids,Basketball,Air Jordan,Unknown,0.0,3285.52,0.0,0.0,31-05-2025,Retail,Kolkata,1193.21,0.0
2017,Women,Basketball,Air Jordan,9,4.0,6110.030000000001,0.0,0.0,17-03-2025,Retail,Delhi,1946.24,0.0
2019,Kids,Running,Air Zoom,6,0.0,3424.06,0.32,0.0,2025/01/17,Online,Hyderabad,1915.24,0.0
2020,Kids,Soccer,Tiempo Legend,L,-1.0,6110.030000000001,0.67,0.0,28-03-2025,Retail,Mumbai,439.96,0.0
2021,Men,Running,Free RN,L,-1.0,7086.7,0.66,-2409.48,2024/11/19,Retail,Hyderabad,-1120.49,-2.40948
2022,Women,Soccer,Premier III,M,0.0,6110.030000000001,0.0,0.0,2024/09/24,Online,Pune,3427.16,0.0
2023,Men,Lifestyle,Waffle One,M,0.0,5003.95,0.0,0.0,10-01-2025,Online,Mumbai,1498.37,0.0
2024,Kids,Training,SuperRep Go,XL,0.0,6110.030000000001,0.5,0.0,28-12-2024,Retail,Bangalore,1842.35,0.0
2026,Kids,Lifestyle,Blazer Mid,XL,1.0,6110.030000000001,0.16,0.0,2024-08-10,Retail,Kolkata,2301.64,0.0
2029,Men,Training,ZoomX Invincible,12,0.0,6110.030000000001,0.0,0.0,2023-10-28,Online,Bangalore,-185.67,0.0
2030,Men,Soccer,Phantom GT,XL,0.0,6110.030000000001,1.05,0.0,2025/07/14,Retail,Hyderabad,-122.93,0.0
2031,Men,Soccer,Premier III,Unknown,4.0,3493.04,0.82,2514.99,2024-05-09,Online,Delhi,350.7,2.5149899999999996
2032,Women,Lifestyle,Blazer Mid,XL,1.0,6110.030000000001,1.07,0.0,11-04-2025,Retail,Mumbai,-555.16,0.0
2034,Men,Basketball,Air Jordan,6,0.0,6235.71,0.0,0.0,30-04-2025,Retail,Delhi,-267.37,0.0
2035,Kids,Basketball,Zoom Freak,Unknown,4.0,6110.030000000001,0.38,0.0,17-11-2024,Online,Bangalore,2914.83,0.0
2036,Men,Training,Metcon 7,Unknown,3.0,6110.030000000001,0.0,0.0,15-02-2025,Retail,Bangalore,-143.8,0.0
2039,Women,Training,Flex Trainer,M,0.0,2767.7,0.63,0.0,22-04-2025,Retail,Hyderabad,-336.3,0.0
2002,Women,Basketball,Zoom Freak,XL,3.0,5075.22,0.0,0.0,07-03-2025,Retail,Delhi,145.08,0.0
2041,Kids,Soccer,Tiempo Legend,12,0.0,5553.88,0.0,0.0,2025/03/05,Online,Hyderabad,2371.66,0.0
2042,Women,Basketball,Kyrie Flytrap,L,0.0,6110.030000000001,0.0,0.0,2025/04/19,Online,Hyderabad,-862.16,0.0
2043,Men,Soccer,Premier III,XL,0.0,3492.89,0.77,0.0,2024-05-02,Retail,Delhi,3770.75,0.0
2044,Kids,Training,SuperRep Go,Unknown,0.0,6110.030000000001,0.0,0.0,2023-09-06,Online,Delhi,2174.71,0.0
2045,Kids,Lifestyle,Dunk Low,XL,4.0,6110.030000000001,0.0,0.0,2025-04-06,Retail,Delhi,1833.94,0.0
2047,Women,Training,SuperRep Go,10,1.0,8577.75,0.0,0.0,2024-06-13,Retail,Bangalore,2888.68,0.0
2048,Women,Basketball,Air Jordan,XL,0.0,6110.030000000001,0.0,0.0,27-10-2024,Online,Bangalore,2875.86,0.0
2051,Women,Basketball,Air Jordan,XL,0.0,6110.030000000001,0.37,0.0,2024-01-05,Retail,Delhi,3135.98,0.0
2052,Men,Training,Flex Trainer,10,3.0,9155.96,0.0,0.0,2024-10-08,Retail,Pune,2184.8,0.0
2053,Men,Lifestyle,Air Force 1,XL,3.0,6009.58,0.0,0.0,2024/10/02,Online,Delhi,3384.92,0.0
2054,Women,Training,Flex Trainer,11,-1.0,6110.030000000001,0.0,0.0,2025/06/23,Online,Mumbai,-549.76,0.0
2055,Men,Basketball,Kyrie Flytrap,L,0.0,6110.030000000001,0.0,0.0,26-10-2024,Online,Hyderabad,-1078.76,0.0
2056,Men,Running,React Infinity,L,3.0,6110.030000000001,0.0,0.0,2024-05-31,Retail,Bangalore,-244.44,0.0
2048,Men,Lifestyle,Waffle One,M,3.0,6216.29,0.94,1118.93,2024/09/14,Online,Mumbai,-642.02,1.11893
2059,Kids,Soccer,Phantom GT,Unknown,-1.0,9507.54,0.0,0.0,2023-12-27,Retail,Delhi,291.28,0.0
2060,Men,Lifestyle,Waffle One,L,2.0,7979.26,0.0,0.0,2024-07-11,Online,Bangalore,2821.59,0.0
2061,Women,Basketball,LeBron 20,L,0.0,6110.030000000001,0.0,0.0,10-09-2024,Online,Mumbai,-501.68,0.0
2062,Men,Basketball,Air Jordan,Unknown,2.0,6110.030000000001,0.0,0.0,06-06-2025,Online,Bangalore,1823.91,0.0
2063,Women,Basketball,Air Jordan,M,1.0,9751.0,0.16,8190.84,06-09-2024,Retail,Pune,1130.31,8.19084
2064,Kids,Running,React Infinity,L,2.0,7557.71,0.0,0.0,2025/03/02,Online,Bangalore,3277.44,0.0
2065,Women,Lifestyle,Waffle One,10,0.0,6110.030000000001,0.78,0.0,2024-02-11,Retail,Hyderabad,21.58,0.0
2066,Men,Soccer,Phantom GT,XL,-1.0,5259.05,0.0,0.0,2024-12-10,Online,Mumbai,1022.82,0.0
2067,Kids,Basketball,LeBron 20,L,4.0,3588.38,0.0,0.0,06-05-2025,Online,Kolkata,161.5,0.0
2068,Men,Running,Free RN,Unknown,4.0,2553.29,0.0,0.0,2024/12/05,Retail,Mumbai,984.9,0.0
2069,Women,Training,SuperRep Go,Unknown,0.0,7502.24,0.0,0.0,2025-07-14,Online,Pune,3554.58,0.0
2071,Kids,Lifestyle,Blazer Mid,M,3.0,7849.81,0.49,12010.21,2025/01/12,Retail,Pune,-882.96,12.010209999999999
2073,Women,Lifestyle,Blazer Mid,12,4.0,6110.030000000001,0.85,0.0,03-11-2024,Online,Hyderabad,443.86,0.0
2075,Kids,Basketball,Air Jordan,L,4.0,4251.74,0.0,0.0,2025/07/14,Online,Pune,2345.35,0.0
2076,Women,Training,ZoomX Invincible,11,0.0,6110.030000000001,0.0,0.0,13-10-2024,Retail,Bangalore,2011.25,0.0
2077,Men,Training,ZoomX Invincible,L,0.0,6110.030000000001,0.0,0.0,2023-11-21,Online,Pune,3332.66,0.0
2079,Men,Running,Pegasus Turbo,XL,-1.0,4322.06,0.0,0.0,2025/01/19,Online,Bangalore,279.78,0.0
2080,Men,Lifestyle,Blazer Mid,L,0.0,6110.030000000001,0.0,0.0,2025-03-31,Online,Bangalore,-1005.89,0.0
2028,Men,Running,Free RN,Unknown,-1.0,6110.030000000001,0.21,0.0,2024-02-14,Online,Hyderabad,3303.01,0.0
2083,Men,Running,Free RN,Unknown,0.0,9291.74,0.0,0.0,14-10-2024,Retail,Delhi,-981.21,0.0
2084,Men,Training,Metcon 7,M,2.0,6110.030000000001,0.0,0.0,2023-12-24,Online,Mumbai,408.39,0.0
2085,Men,Basketball,Kyrie Flytrap,Unknown,0.0,7561.85,0.0,0.0,2024/12/17,Retail,Kolkata,98.72,0.0
2086,Men,Soccer,Mercurial Superfly,L,0.0,6110.030000000001,0.45,0.0,2024-10-11,Online,Kolkata,1742.66,0.0
2087,Kids,Basketball,Zoom Freak,Unknown,0.0,4656.28,0.0,0.0,2024/11/01,Online,Kolkata,3777.5,0.0
2088,Women,Running,Free RN,XL,4.0,6110.030000000001,0.0,0.0,26-04-2025,Online,Bangalore,2702.93,0.0
2089,Women,Training,Flex Trainer,L,2.0,6874.77,0.6,5499.82,02-12-2024,Online,Mumbai,-1076.66,5.49982
2094,Kids,Training,Flex Trainer,10,1.0,4276.36,0.0,0.0,10-11-2024,Retail,Delhi,2974.58,0.0
2095,Men,Lifestyle,Waffle One,M,0.0,6110.030000000001,0.0,0.0,16-10-2024,Online,Delhi,880.57,0.0
2096,Men,Running,Pegasus Turbo,XL,2.0,6110.030000000001,0.0,0.0,24-12-2024,Online,Kolkata,288.66,0.0
2098,Men,Training,ZoomX Invincible,L,0.0,5690.69,0.69,0.0,2024-01-24,Online,Hyderabad,98.3,0.0
2099,Kids,Soccer,Mercurial Superfly,M,2.0,6110.030000000001,0.32,0.0,01-02-2025,Retail,Mumbai,360.97,0.0
2100,Kids,Soccer,Phantom GT,8,1.0,5937.52,0.0,0.0,2025-07-11,Retail,Mumbai,2287.57,0.0
2101,Kids,Running,Free RN,XL,0.0,2010.07,0.0,0.0,2025/07/03,Online,Hyderabad,3398.01,0.0
2102,Women,Soccer,Mercurial Superfly,XL,-1.0,6110.030000000001,0.77,0.0,10-04-2025,Online,Pune,284.17,0.0
2103,Women,Basketball,LeBron 20,XL,-1.0,6777.88,0.0,0.0,2025/01/08,Online,Kolkata,469.61,0.0
2105,Kids,Training,Metcon 7,Unknown,2.0,5744.7,0.0,0.0,17-11-2024,Retail,Mumbai,1716.04,0.0
2107,Women,Running,React Infinity,M,4.0,6110.030000000001,0.0,0.0,2024/08/30,Online,Hyderabad,-184.69,0.0
2108,Kids,Lifestyle,Air Force 1,XL,0.0,6110.030000000001,0.27,0.0,15-11-2024,Retail,Mumbai,-338.77,0.0
2109,Kids,Basketball,Zoom Freak,M,0.0,6110.030000000001,0.0,0.0,29-01-2025,Retail,Kolkata,3791.88,0.0
2110,Kids,Running,Air Zoom,12,1.0,6110.030000000001,0.42,0.0,2024-12-25,Retail,Pune,-259.29,0.0
2111,Men,Lifestyle,Waffle One,Unknown,0.0,6110.030000000001,1.14,0.0,2024/11/21,Retail,Bangalore,1326.67,0.0
2113,Women,Basketball,Air Jordan,XL,0.0,3939.34,0.0,0.0,2023-12-19,Retail,Pune,2918.93,0.0
2116,Women,Basketball,LeBron 20,Unknown,0.0,4038.32,1.13,0.0,2024/08/27,Online,Hyderabad,2088.55,0.0
2117,Women,Training,SuperRep Go,L,0.0,7645.96,0.0,0.0,2024-10-30,Online,Pune,2037.43,0.0
2118,Kids,Basketball,Zoom Freak,XL,2.0,8426.54,0.0,0.0,2023-09-21,Online,Hyderabad,2696.85,0.0
2119,Women,Training,Metcon 7,11,-1.0,6110.030000000001,0.41,0.0,05-04-2025,Retail,Kolkata,2887.81,0.0
2120,Men,Soccer,Phantom GT,12,0.0,6110.030000000001,0.0,0.0,14-12-2024,Retail,Pune,-328.0,0.0
2000,Kids,Running,React Infinity,M,-1.0,6110.030000000001,0.0,0.0,2023-11-20,Retail,Kolkata,929.75,0.0
2123,Men,Running,Air Zoom,L,0.0,6110.030000000001,0.0,0.0,15-09-2024,Retail,Hyderabad,2195.52,0.0
2124,Kids,Basketball,Kyrie Flytrap,L,0.0,6436.11,1.24,0.0,04-07-2025,Online,Kolkata,432.04,0.0
2125,Women,Soccer,Tiempo Legend,M,0.0,6110.030000000001,0.0,0.0,10-12-2024,Retail,Hyderabad,1051.22,0.0
2126,Kids,Running,Pegasus Turbo,L,-1.0,5399.58,0.0,0.0,2024/12/14,Retail,Pune,2508.34,0.0
2127,Men,Training,Metcon 7,L,-1.0,4020.5,0.0,0.0,2023-08-19,Online,Mumbai,3718.37,0.0
2130,Men,Soccer,Premier III,10,3.0,6110.030000000001,0.24,0.0,14-09-2024,Online,Bangalore,2962.75,0.0
2133,Men,Training,Metcon 7,XL,0.0,6789.53,0.0,0.0,2024/10/10,Retail,Pune,-166.81,0.0
2134,Men,Training,ZoomX Invincible,M,0.0,4738.62,0.0,0.0,06-08-2024,Online,Hyderabad,1009.28,0.0
2135,Men,Basketball,Zoom Freak,L,2.0,9106.61,0.74,4735.44,2024-11-03,Retail,Hyderabad,2422.38,4.73544
2136,Kids,Training,ZoomX Invincible,L,1.0,6110.030000000001,0.0,0.0,2024-09-15,Online,Pune,3672.24,0.0
2137,Men,Soccer,Phantom GT,Unknown,0.0,5222.02,0.95,0.0,2025/01/12,Online,Delhi,1796.76,0.0
2138,Men,Running,Pegasus Turbo,11,2.0,8055.2,0.0,0.0,14-06-2025,Online,Mumbai,1840.09,0.0
2139,Women,Basketball,Air Jordan,M,0.0,6110.030000000001,0.0,0.0,2025/06/19,Retail,Mumbai,-334.52,0.0
2140,Men,Basketball,Zoom Freak,M,0.0,6765.74,0.0,0.0,28-04-2025,Online,Bangalore,-875.45,0.0
2141,Kids,Soccer,Tiempo Legend,Unknown,0.0,6110.030000000001,1.1,0.0,2023-11-22,Retail,Kolkata,-1032.47,0.0
2142,Kids,Soccer,Mercurial Superfly,Unknown,0.0,6110.030000000001,0.0,0.0,2024-10-03,Retail,Kolkata,-995.59,0.0
2143,Kids,Training,ZoomX Invincible,L,-1.0,6110.030000000001,0.0,0.0,2025/03/10,Online,Delhi,1006.66,0.0
2144,Women,Lifestyle,Waffle One,Unknown,4.0,6110.030000000001,0.0,0.0,30-03-2025,Online,Kolkata,2385.1,0.0
2145,Men,Lifestyle,Blazer Mid,6,0.0,6110.030000000001,0.67,0.0,2024/07/30,Online,Bangalore,1335.45,0.0
2146,Kids,Basketball,Air Jordan,XL,0.0,6110.030000000001,1.12,0.0,2025/02/15,Retail,Mumbai,-908.85,0.0
2147,Women,Soccer,Phantom GT,XL,-1.0,6110.030000000001,0.0,0.0,2024-09-14,Online,Hyderabad,-426.53,0.0
2148,Men,Basketball,Kyrie Flytrap,Unknown,0.0,6110.030000000001,0.0,0.0,2025/06/19,Online,Hyderabad,520.55,0.0
2149,Women,Running,Pegasus Turbo,Unknown,0.0,6110.030000000001,0.0,0.0,2025/05/20,Online,Kolkata,-595.69,0.0
2150,Women,Basketball,LeBron 20,M,2.0,3313.21,0.48,3445.74,06-07-2025,Online,Bangalore,3221.62,3.44574
2151,Kids,Soccer,Tiempo Legend,L,4.0,5619.75,0.0,0.0,2025-05-27,Online,Bangalore,2000.85,0.0
2153,Men,Running,React Infinity,Unknown,0.0,6110.030000000001,0.09,0.0,2024/08/18,Retail,Pune,1246.58,0.0
2154,Kids,Lifestyle,Blazer Mid,XL,0.0,2963.16,0.0,0.0,2025-04-01,Online,Bangalore,2381.85,0.0
2156,Men,Soccer,Tiempo Legend,M,0.0,6110.030000000001,0.0,0.0,31-08-2024,Online,Pune,-286.07,0.0
2157,Kids,Soccer,Premier III,Unknown,1.0,6110.030000000001,0.0,0.0,2025/04/29,Online,Delhi,-701.01,0.0
2158,Women,Running,React Infinity,M,-1.0,6110.030000000001,0.5,0.0,28-01-2025,Online,Mumbai,514.79,0.0
2160,Kids,Running,Air Zoom,XL,0.0,6110.030000000001,0.0,0.0,2025-03-01,Retail,Mumbai,3744.91,0.0
2163,Men,Lifestyle,Dunk Low,7,0.0,6110.030000000001,1.24,0.0,2025/03/06,Retail,Hyderabad,3344.98,0.0
2164,Women,Soccer,Mercurial Superfly,8,0.0,6110.030000000001,0.95,0.0,23-10-2024,Online,Pune,-872.9,0.0
2165,Kids,Training,SuperRep Go,L,4.0,4577.65,0.0,0.0,2024/11/11,Retail,Kolkata,2460.19,0.0
2166,Women,Lifestyle,Air Force 1,M,0.0,7312.38,0.0,0.0,01-02-2025,Online,Mumbai,3364.05,0.0
2168,Women,Running,Pegasus Turbo,Unknown,0.0,6110.030000000001,0.85,0.0,2024-08-01,Retail,Kolkata,3011.49,0.0
2169,Kids,Training,Flex Trainer,Unknown,4.0,4046.05,0.01,16022.36,2024/12/14,Retail,Delhi,1057.58,16.02236
2170,Kids,Lifestyle,Air Force 1,M,0.0,6110.030000000001,0.0,0.0,2025/06/28,Online,Kolkata,3218.82,0.0
2022,Women,Lifestyle,Air Force 1,L,0.0,9378.52,1.06,0.0,2023-10-29,Retail,Mumbai,128.92,0.0
2172,Women,Training,ZoomX Invincible,M,0.0,7988.99,1.2,0.0,2024/12/17,Online,Bangalore,-909.86,0.0
2173,Men,Running,Free RN,L,-1.0,6620.78,0.0,0.0,29-03-2025,Online,Bangalore,3770.03,0.0
2176,Men,Soccer,Mercurial Superfly,Unknown,4.0,6110.030000000001,0.0,0.0,04-01-2025,Online,Bangalore,3908.28,0.0
2177,Women,Lifestyle,Waffle One,XL,0.0,6110.030000000001,0.0,0.0,2025-06-27,Retail,Mumbai,885.37,0.0
2178,Men,Running,Free RN,Unknown,1.0,6110.030000000001,0.0,0.0,28-10-2024,Retail,Bangalore,-983.37,0.0
2179,Women,Training,ZoomX Invincible,M,3.0,6110.030000000001,0.0,0.0,2024-01-26,Retail,Pune,3135.92,0.0
2180,Women,Basketball,LeBron 20,XL,0.0,6110.030000000001,0.0,0.0,2024-05-15,Online,Pune,2189.84,0.0
2181,Women,Lifestyle,Air Force 1,XL,2.0,6110.030000000001,0.0,0.0,2025/01/06,Retail,Delhi,419.58,0.0
2185,Women,Training,ZoomX Invincible,XL,4.0,4207.44,0.59,6900.2,2025/06/08,Online,Kolkata,-615.48,6.9002
2187,Men,Running,React Infinity,L,0.0,7795.32,0.0,0.0,09-11-2024,Online,Mumbai,2402.99,0.0
2189,Men,Training,SuperRep Go,L,3.0,6110.030000000001,0.9,0.0,2024/10/02,Online,Hyderabad,3628.46,0.0
2191,Men,Lifestyle,Air Force 1,8,3.0,6110.030000000001,0.0,0.0,2024/09/28,Retail,Pune,-1032.88,0.0
2192,Men,Basketball,Kyrie Flytrap,XL,-1.0,6110.030000000001,0.0,0.0,2023-10-13,Retail,Delhi,554.91,0.0
2193,Women,Lifestyle,Waffle One,XL,-1.0,6110.030000000001,1.24,0.0,2025-01-17,Retail,Delhi,1803.66,0.0
2194,Men,Soccer,Mercurial Superfly,M,0.0,6196.01,0.0,0.0,27-10-2024,Online,Hyderabad,926.03,0.0
2196,Kids,Soccer,Premier III,L,2.0,2708.73,0.0,0.0,2025-06-30,Online,Delhi,925.63,0.0
2197,Kids,Training,ZoomX Invincible,L,3.0,6110.030000000001,0.0,0.0,2024-10-06,Online,Bangalore,-418.5,0.0
2198,Men,Training,SuperRep Go,7,4.0,6110.030000000001,0.65,0.0,2025/01/05,Online,Pune,-169.33,0.0
2201,Women,Training,SuperRep Go,11,0.0,6110.030000000001,0.0,0.0,2024-05-10,Online,Mumbai,1403.56,0.0
2202,Men,Basketball,Kyrie Flytrap,M,-1.0,7918.93,1.06,475.14,2025/07/04,Retail,Bangalore,1994.42,0.47514
2204,Men,Basketball,LeBron 20,7,0.0,7660.41,0.0,0.0,2025/05/17,Online,Delhi,2076.75,0.0
2205,Women,Running,React Infinity,XL,0.0,6110.030000000001,0.0,0.0,24-04-2025,Retail,Pune,-467.52,0.0
2209,Kids,Training,SuperRep Go,Unknown,0.0,6110.030000000001,0.0,0.0,2024/09/01,Retail,Hyderabad,1956.7,0.0
2210,Men,Lifestyle,Blazer Mid,XL,0.0,6110.030000000001,0.0,0.0,09-08-2024,Retail,Kolkata,701.02,0.0
2000,Kids,Training,Metcon 7,Unknown,4.0,6110.030000000001,0.94,0.0,2024-02-27,Retail,Bangalore,2372.82,0.0
2212,Women,Lifestyle,Blazer Mid,L,0.0,7670.82,0.0,0.0,2024/09/23,Online,Kolkata,-87.95,0.0
2215,Men,Basketball,Zoom Freak,XL,3.0,6110.030000000001,0.36,0.0,2024/12/16,Online,Kolkata,3254.06,0.0
2217,Women,Lifestyle,Waffle One,L,0.0,6110.030000000001,0.0,0.0,2025/04/15,Retail,Delhi,2190.84,0.0
2220,Kids,Training,SuperRep Go,M,0.0,6110.030000000001,0.0,0.0,2024/09/09,Online,Kolkata,890.14,0.0
2221,Kids,Lifestyle,Waffle One,L,2.0,3375.97,0.0,0.0,2024-01-06,Retail,Mumbai,-297.05,0.0
2222,Men,Training,ZoomX Invincible,XL,2.0,8897.19,0.11,15837.0,2024-12-21,Retail,Mumbai,2821.69,15.837
2223,Kids,Training,Flex Trainer,M,-1.0,9180.15,0.0,0.0,2025-02-15,Online,Kolkata,799.28,0.0
2224,Kids,Lifestyle,Dunk Low,Unknown,-1.0,6110.030000000001,0.12,0.0,24-09-2024,Online,Pune,3278.7,0.0
2226,Women,Basketball,Zoom Freak,Unknown,0.0,6110.030000000001,0.31,0.0,2025/06/28,Online,Delhi,-131.04,0.0
2228,Kids,Basketball,Zoom Freak,Unknown,0.0,9382.15,0.0,0.0,2024/08/22,Online,Kolkata,-127.34,0.0
2229,Men,Running,Air Zoom,XL,0.0,7143.23,0.0,0.0,2025/03/26,Retail,Mumbai,3284.36,0.0
2231,Kids,Training,Flex Trainer,9,0.0,6110.030000000001,1.05,0.0,2025-01-04,Online,Bangalore,-39.48,0.0
2232,Women,Running,Free RN,XL,0.0,2149.28,0.32,0.0,2024/11/17,Online,Kolkata,2409.87,0.0
2234,Men,Training,Flex Trainer,Unknown,4.0,6189.1,1.12,-2970.77,2024-12-21,Retail,Bangalore,2085.62,-2.97077
2042,Men,Basketball,Kyrie Flytrap,10,1.0,5254.47,0.0,0.0,26-02-2025,Retail,Bangalore,2459.63,0.0
2237,Kids,Training,Metcon 7,M,0.0,5089.88,0.0,0.0,2025/06/26,Online,Mumbai,-238.18,0.0
2239,Men,Training,SuperRep Go,XL,0.0,6110.030000000001,0.0,0.0,2024/08/04,Online,Kolkata,1750.71,0.0
2240,Kids,Basketball,Air Jordan,M,0.0,9520.5,0.48,0.0,2025/01/22,Retail,Kolkata,-928.85,0.0
2241,Women,Soccer,Tiempo Legend,12,0.0,9662.04,0.0,0.0,2025/02/19,Online,Hyderabad,-233.74,0.0
2243,Men,Lifestyle,Blazer Mid,L,0.0,9747.58,0.0,0.0,07-11-2024,Retail,Delhi,266.31,0.0
2245,Kids,Running,React Infinity,Unknown,0.0,4128.35,0.0,0.0,16-04-2025,Online,Pune,-290.33,0.0
2246,Kids,Basketball,LeBron 20,L,-1.0,7806.98,0.0,0.0,02-10-2024,Online,Hyderabad,-943.35,0.0
2247,Women,Training,Metcon 7,Unknown,0.0,6110.030000000001,0.0,0.0,16-08-2024,Online,Mumbai,-1158.15,0.0
2248,Men,Training,Metcon 7,M,4.0,8249.96,0.24,25079.88,2024-01-16,Online,Bangalore,1625.14,25.07988
2249,Men,Training,Flex Trainer,M,0.0,7730.77,0.0,0.0,2024-05-28,Online,Delhi,-692.94,0.0
2250,Men,Basketball,Kyrie Flytrap,XL,0.0,6110.030000000001,0.0,0.0,2024-10-01,Retail,Pune,821.13,0.0
2046,Men,Basketball,Air Jordan,Unknown,2.0,9593.65,0.0,0.0,11-01-2025,Online,Hyderabad,1592.5,0.0
2253,Men,Training,Flex Trainer,M,0.0,6110.030000000001,0.0,0.0,18-05-2025,Online,Bangalore,1516.72,0.0
2254,Women,Basketball,LeBron 20,M,0.0,6110.030000000001,0.89,0.0,24-04-2025,Online,Hyderabad,1642.0,0.0
2255,Kids,Basketball,LeBron 20,XL,0.0,2222.55,0.84,0.0,2025/04/06,Retail,Mumbai,586.56,0.0
2256,Men,Soccer,Phantom GT,Unknown,0.0,6110.030000000001,0.0,0.0,2025/03/30,Online,Hyderabad,3175.83,0.0
2257,Men,Basketball,Kyrie Flytrap,XL,1.0,6110.030000000001,0.0,0.0,2025/02/09,Online,Mumbai,-365.42,0.0
2258,Women,Lifestyle,Dunk Low,L,0.0,6110.030000000001,0.39,0.0,2023-11-21,Online,Mumbai,2824.7,0.0
2259,Women,Soccer,Mercurial Superfly,M,0.0,6110.030000000001,0.0,0.0,2024/10/20,Retail,Delhi,2323.89,0.0
2260,Women,Lifestyle,Dunk Low,M,2.0,6110.030000000001,0.0,0.0,2024/12/12,Retail,Pune,-352.18,0.0
2261,Women,Training,ZoomX Invincible,Unknown,0.0,2503.6,0.54,0.0,04-10-2024,Retail,Pune,1574.74,0.0
2262,Women,Running,Pegasus Turbo,L,0.0,6110.030000000001,0.0,0.0,2024-09-15,Retail,Pune,3146.93,0.0
2263,Women,Soccer,Premier III,M,0.0,5172.14,0.0,0.0,2024/10/08,Online,Kolkata,2510.55,0.0
2264,Men,Training,ZoomX Invincible,Unknown,4.0,5622.32,1.08,-1799.14,2024-04-22,Retail,Bangalore,1248.25,-1.7991400000000002
2265,Women,Soccer,Premier III,7,0.0,2422.97,0.0,0.0,2024/11/23,Retail,Delhi,-67.74,0.0
2266,Women,Basketball,LeBron 20,L,0.0,6110.030000000001,0.0,0.0,19-07-2025,Retail,Kolkata,3475.59,0.0
2267,Women,Running,Air Zoom,M,-1.0,3075.72,0.0,0.0,2024-12-20,Retail,Kolkata,238.78,0.0
2268,Men,Soccer,Mercurial Superfly,M,3.0,7330.81,0.0,0.0,2023-11-16,Online,Kolkata,518.71,0.0
2269,Women,Training,ZoomX Invincible,11,4.0,6424.32,0.0,0.0,2024-07-14,Retail,Mumbai,-405.26,0.0
2270,Men,Running,React Infinity,XL,1.0,6110.030000000001,1.03,0.0,06-06-2025,Retail,Pune,3088.25,0.0
2271,Kids,Lifestyle,Waffle One,9,0.0,5116.58,0.07,0.0,2024-05-03,Retail,Delhi,1293.94,0.0
2038,Women,Training,ZoomX Invincible,XL,1.0,7338.57,0.0,0.0,21-10-2024,Retail,Delhi,3680.24,0.0
2273,Kids,Running,Free RN,M,-1.0,4004.36,0.0,0.0,2024-01-30,Online,Kolkata,-614.66,0.0
2274,Women,Training,Metcon 7,6,4.0,6110.030000000001,0.45,0.0,2025/06/13,Online,Bangalore,2561.89,0.0
2275,Kids,Running,Pegasus Turbo,M,-1.0,6110.030000000001,0.0,0.0,03-07-2025,Online,Pune,-783.71,0.0
2276,Kids,Lifestyle,Air Force 1,L,-1.0,6066.5,0.0,0.0,2023-08-29,Retail,Kolkata,1181.87,0.0
2277,Kids,Basketball,LeBron 20,M,0.0,3682.84,0.0,0.0,2024/12/28,Online,Hyderabad,3967.77,0.0
2278,Men,Training,SuperRep Go,11,0.0,6110.030000000001,1.22,0.0,07-03-2025,Retail,Pune,3638.15,0.0
2279,Women,Lifestyle,Blazer Mid,6,0.0,6110.030000000001,0.0,0.0,2024-08-03,Retail,Mumbai,766.72,0.0
2280,Women,Soccer,Mercurial Superfly,M,-1.0,6110.030000000001,0.0,0.0,2025/02/13,Online,Delhi,3069.57,0.0
2281,Kids,Lifestyle,Waffle One,M,2.0,6110.030000000001,0.0,0.0,2025-07-13,Retail,Kolkata,1753.48,0.0
2282,Men,Running,Free RN,Unknown,0.0,6110.030000000001,0.26,0.0,14-11-2024,Retail,Mumbai,-1002.46,0.0
2283,Men,Soccer,Mercurial Superfly,10,1.0,6110.030000000001,0.0,0.0,2024/08/21,Retail,Delhi,468.59,0.0
2284,Kids,Soccer,Mercurial Superfly,M,0.0,6110.030000000001,0.53,0.0,08-10-2024,Online,Kolkata,1370.01,0.0
2286,Women,Lifestyle,Waffle One,Unknown,0.0,6110.030000000001,0.0,0.0,2024-10-16,Online,Bangalore,2419.09,0.0
2288,Women,Training,ZoomX Invincible,Unknown,0.0,6110.030000000001,0.25,0.0,24-08-2024,Retail,Hyderabad,1570.91,0.0
2290,Women,Training,Flex Trainer,L,0.0,6110.030000000001,0.0,0.0,20-10-2024,Online,Kolkata,546.66,0.0
2292,Women,Running,Free RN,M,2.0,6110.030000000001,1.1,0.0,05-11-2024,Online,Kolkata,1192.5,0.0
2293,Women,Basketball,Air Jordan,XL,3.0,6110.030000000001,0.0,0.0,13-05-2025,Retail,Mumbai,2525.87,0.0
2012,Women,Soccer,Phantom GT,Unknown,0.0,6110.030000000001,0.0,0.0,01-09-2024,Retail,Hyderabad,-914.59,0.0
2295,Kids,Lifestyle,Dunk Low,Unknown,0.0,6110.030000000001,0.81,0.0,17-06-2025,Retail,Hyderabad,3901.16,0.0
2296,Women,Soccer,Phantom GT,Unknown,0.0,6110.030000000001,0.0,0.0,2024/08/15,Online,Delhi,-1188.86,0.0
2297,Kids,Basketball,LeBron 20,M,0.0,6356.31,0.74,0.0,31-12-2024,Online,Pune,454.97,0.0
2298,Men,Training,SuperRep Go,Unknown,0.0,5571.14,0.49,0.0,11-06-2025,Retail,Kolkata,3445.5,0.0
2299,Kids,Soccer,Phantom GT,Unknown,2.0,6110.030000000001,0.77,0.0,09-05-2025,Online,Hyderabad,2596.8,0.0
2300,Men,Basketball,Air Jordan,L,3.0,6331.64,0.78,4178.88,17-08-2024,Retail,Delhi,3380.28,4.17888
2301,Men,Soccer,Mercurial Superfly,XL,0.0,7982.2,0.0,0.0,29-12-2024,Online,Pune,-505.58,0.0
2302,Women,Running,Air Zoom,XL,0.0,6110.030000000001,0.0,0.0,2025/02/27,Retail,Hyderabad,1489.99,0.0
2303,Kids,Running,Free RN,L,2.0,2504.09,0.0,0.0,24-12-2024,Retail,Hyderabad,2971.55,0.0
2304,Men,Training,Flex Trainer,11,0.0,6110.030000000001,0.0,0.0,28-11-2024,Online,Hyderabad,2055.87,0.0
2306,Kids,Basketball,Air Jordan,Unknown,1.0,8267.56,0.29,5869.97,2024/11/10,Retail,Bangalore,476.25,5.86997
2307,Women,Running,Free RN,XL,2.0,9369.1,0.0,0.0,18-06-2025,Retail,Kolkata,2390.7,0.0
2308,Men,Running,Pegasus Turbo,Unknown,0.0,6110.030000000001,0.65,0.0,2025/05/01,Online,Bangalore,2282.01,0.0
2004,Kids,Lifestyle,Dunk Low,M,0.0,6110.030000000001,0.6,0.0,2025/02/23,Retail,Bangalore,-276.83,0.0
2310,Men,Running,Air Zoom,XL,0.0,6110.030000000001,0.0,0.0,04-02-2025,Online,Kolkata,-1061.45,0.0
2026,Women,Training,Flex Trainer,M,4.0,6110.030000000001,0.26,0.0,2024/09/25,Online,Delhi,495.62,0.0
2312,Kids,Soccer,Premier III,Unknown,0.0,6110.030000000001,0.0,0.0,2024/09/30,Online,Bangalore,249.56,0.0
2314,Women,Soccer,Mercurial Superfly,M,2.0,6110.030000000001,0.86,0.0,09-12-2024,Retail,Mumbai,1505.11,0.0
2315,Men,Basketball,Kyrie Flytrap,M,0.0,9149.88,0.71,0.0,12-11-2024,Retail,Hyderabad,143.06,0.0
2317,Men,Training,Flex Trainer,M,0.0,9695.44,1.06,0.0,2024-09-13,Online,Kolkata,32.45,0.0
2318,Men,Soccer,Phantom GT,11,2.0,6110.030000000001,0.25,0.0,04-04-2025,Retail,Delhi,1894.17,0.0
2319,Women,Basketball,Kyrie Flytrap,L,-1.0,5649.99,0.0,0.0,29-06-2025,Online,Delhi,2141.68,0.0
2320,Kids,Running,Pegasus Turbo,XL,0.0,4033.28,0.0,0.0,23-01-2025,Retail,Hyderabad,1265.74,0.0
2321,Men,Lifestyle,Dunk Low,8,0.0,6110.030000000001,0.0,0.0,2024-06-10,Online,Mumbai,-362.47,0.0
2322,Women,Running,Pegasus Turbo,L,0.0,8016.24,0.0,0.0,07-04-2025,Retail,Delhi,1333.86,0.0
2323,Men,Lifestyle,Dunk Low,Unknown,0.0,6537.29,0.0,0.0,05-01-2025,Online,Bangalore,-453.11,0.0
2324,Women,Soccer,Mercurial Superfly,M,0.0,6110.030000000001,0.21,0.0,27-02-2025,Online,Kolkata,2640.1,0.0
2325,Men,Basketball,Zoom Freak,M,0.0,8031.83,0.56,0.0,2025/05/18,Online,Kolkata,3954.38,0.0
2326,Women,Lifestyle,Dunk Low,XL,4.0,9936.94,0.0,0.0,10-12-2024,Retail,Kolkata,2047.65,0.0
2327,Men,Training,Flex Trainer,XL,4.0,6640.67,0.0,0.0,21-03-2025,Retail,Delhi,3402.41,0.0
2328,Men,Lifestyle,Waffle One,6,2.0,6449.46,0.29,9158.23,09-11-2024,Online,Mumbai,39.69,9.15823
2329,Men,Basketball,Kyrie Flytrap,L,4.0,4981.26,0.0,0.0,05-06-2025,Online,Mumbai,1833.07,0.0
2330,Women,Training,Flex Trainer,XL,0.0,6110.030000000001,0.06,0.0,2024/10/22,Online,Mumbai,-648.08,0.0
2331,Kids,Basketball,Kyrie Flytrap,L,0.0,9023.07,0.0,0.0,23-11-2024,Retail,Mumbai,-304.92,0.0
2332,Kids,Training,Flex Trainer,Unknown,-1.0,6110.030000000001,0.22,0.0,2024-07-15,Retail,Pune,2914.06,0.0
2334,Women,Training,SuperRep Go,L,4.0,6110.030000000001,0.82,0.0,2024-06-06,Retail,Mumbai,-80.25,0.0
2335,Women,Running,Free RN,XL,0.0,5620.64,0.0,0.0,2024-01-05,Online,Mumbai,217.22,0.0
2336,Kids,Soccer,Mercurial Superfly,8,4.0,8482.43,0.0,0.0,2023-10-22,Online,Pune,3854.71,0.0
2337,Women,Training,SuperRep Go,Unknown,0.0,6110.030000000001,0.0,0.0,2024/10/17,Online,Pune,3186.84,0.0
2340,Women,Running,Free RN,7,3.0,6110.030000000001,0.91,0.0,2024/08/07,Online,Mumbai,-425.99,0.0
2341,Women,Lifestyle,Waffle One,11,0.0,6110.030000000001,0.0,0.0,2025/04/22,Online,Hyderabad,-280.18,0.0
2342,Women,Training,Metcon 7,XL,0.0,6110.030000000001,0.0,0.0,2024-08-19,Retail,Kolkata,3463.09,0.0
2343,Women,Basketball,Zoom Freak,Unknown,0.0,7507.91,0.0,0.0,22-11-2024,Retail,Kolkata,1900.24,0.0
2344,Kids,Training,ZoomX Invincible,10,-1.0,6110.030000000001,0.65,0.0,20-06-2025,Online,Kolkata,938.88,0.0
2345,Men,Running,React Infinity,Unknown,0.0,6110.030000000001,0.0,0.0,21-06-2025,Retail,Hyderabad,3039.05,0.0
2347,Men,Training,Flex Trainer,L,0.0,9653.35,0.0,0.0,21-09-2024,Retail,Bangalore,3511.89,0.0
2348,Kids,Training,Metcon 7,XL,0.0,6591.41,0.0,0.0,2025-04-29,Retail,Delhi,2604.68,0.0
2349,Kids,Soccer,Tiempo Legend,10,3.0,6110.030000000001,0.0,0.0,2023-10-25,Online,Delhi,-902.62,0.0
2350,Men,Running,Air Zoom,Unknown,4.0,8228.88,0.0,0.0,21-03-2025,Retail,Delhi,2494.5,0.0
2351,Men,Basketball,LeBron 20,11,3.0,4179.34,0.0,0.0,29-07-2024,Retail,Pune,2363.69,0.0
2352,Men,Basketball,LeBron 20,M,0.0,6110.030000000001,0.0,0.0,2025/03/24,Online,Bangalore,599.21,0.0
2353,Kids,Training,ZoomX Invincible,9,0.0,6110.030000000001,0.22,0.0,2024-10-03,Retail,Bangalore,818.35,0.0
2354,Men,Basketball,Kyrie Flytrap,L,0.0,6110.030000000001,0.0,0.0,2024/09/06,Online,Hyderabad,1445.09,0.0
2355,Women,Lifestyle,Waffle One,L,1.0,6110.030000000001,0.0,0.0,2024/07/26,Retail,Bangalore,-887.83,0.0
2356,Men,Basketball,Air Jordan,L,0.0,6110.030000000001,0.0,0.0,17-02-2025,Retail,Pune,543.26,0.0
2357,Women,Lifestyle,Air Force 1,M,0.0,6110.030000000001,1.23,0.0,2025/04/28,Retail,Bangalore,-1199.32,0.0
2358,Men,Basketball,LeBron 20,M,4.0,6110.030000000001,0.0,0.0,24-02-2025,Online,Pune,1819.6,0.0
2360,Women,Training,Metcon 7,XL,0.0,6110.030000000001,0.85,0.0,07-12-2024,Online,Hyderabad,1947.5,0.0
2361,Kids,Training,Flex Trainer,L,0.0,6110.030000000001,1.06,0.0,2024/07/30,Retail,Mumbai,1302.98,0.0
2362,Women,Lifestyle,Blazer Mid,XL,2.0,6110.030000000001,1.04,0.0,2024/12/09,Online,Bangalore,3817.26,0.0
2363,Kids,Running,Pegasus Turbo,XL,0.0,5419.15,1.08,0.0,01-07-2025,Retail,Hyderabad,-597.61,0.0
2365,Women,Running,React Infinity,10,0.0,6110.030000000001,0.0,0.0,2024/08/17,Online,Hyderabad,3555.61,0.0
2366,Kids,Lifestyle,Waffle One,M,0.0,6110.030000000001,0.63,0.0,2025/05/08,Retail,Bangalore,3737.47,0.0
2367,Kids,Lifestyle,Dunk Low,XL,4.0,6202.99,0.84,3969.91,2024/11/12,Online,Bangalore,-202.12,3.96991
2368,Women,Lifestyle,Waffle One,L,0.0,5582.98,0.0,0.0,2023-08-04,Retail,Delhi,2369.28,0.0
2369,Men,Basketball,LeBron 20,XL,0.0,4248.21,0.5,0.0,11-07-2025,Online,Hyderabad,2427.86,0.0
2370,Men,Running,Pegasus Turbo,L,2.0,6110.030000000001,0.0,0.0,2025/02/04,Online,Delhi,867.37,0.0
2371,Kids,Training,Flex Trainer,Unknown,1.0,6110.030000000001,0.05,0.0,15-04-2025,Online,Kolkata,3424.65,0.0
2372,Men,Running,Free RN,Unknown,0.0,7624.86,0.0,0.0,2025-05-23,Online,Kolkata,3365.96,0.0
2373,Women,Lifestyle,Air Force 1,XL,0.0,8637.25,0.35,0.0,2024/09/22,Retail,Kolkata,2738.82,0.0
2006,Women,Basketball,Zoom Freak,L,-1.0,8799.22,0.0,0.0,2023-08-13,Retail,Bangalore,-1109.57,0.0
2375,Men,Training,Metcon 7,Unknown,-1.0,9061.25,0.0,0.0,05-04-2025,Retail,Mumbai,990.59,0.0
2376,Men,Lifestyle,Dunk Low,XL,0.0,3718.82,0.88,0.0,2024/10/03,Online,Delhi,-234.66,0.0
2377,Men,Basketball,LeBron 20,Unknown,4.0,6110.030000000001,0.0,0.0,02-07-2025,Online,Mumbai,2438.24,0.0
2378,Women,Basketball,LeBron 20,XL,-1.0,6110.030000000001,0.0,0.0,04-11-2024,Retail,Mumbai,2107.42,0.0
2379,Men,Lifestyle,Air Force 1,L,4.0,6110.030000000001,0.0,0.0,2024-04-09,Online,Mumbai,3289.77,0.0
2380,Men,Soccer,Phantom GT,M,1.0,7932.85,0.0,0.0,09-12-2024,Retail,Delhi,2707.27,0.0
2381,Kids,Lifestyle,Dunk Low,M,3.0,4834.65,1.02,-290.08,2024/10/12,Retail,Pune,213.96,-0.29008
2382,Men,Lifestyle,Waffle One,L,4.0,6110.030000000001,0.0,0.0,2024-03-09,Retail,Mumbai,787.42,0.0
2004,Women,Basketball,LeBron 20,Unknown,-1.0,3272.45,0.0,0.0,2025/02/28,Online,Kolkata,69.68,0.0
2384,Women,Training,SuperRep Go,Unknown,3.0,2070.97,1.25,-1553.23,05-09-2024,Online,Delhi,42.89,-1.55323
2385,Men,Training,Metcon 7,Unknown,0.0,6110.030000000001,0.0,0.0,03-10-2024,Retail,Delhi,1443.09,0.0
2386,Men,Basketball,Kyrie Flytrap,M,0.0,2271.77,0.0,0.0,13-07-2025,Online,Pune,2029.55,0.0
2387,Women,Basketball,Kyrie Flytrap,Unknown,3.0,6110.030000000001,0.0,0.0,2024/09/21,Online,Pune,1042.09,0.0
2388,Kids,Running,Air Zoom,L,1.0,5321.46,0.0,0.0,2024/09/02,Retail,Bangalore,2587.26,0.0
2389,Women,Basketball,Kyrie Flytrap,XL,0.0,7901.16,0.77,0.0,2024/10/08,Online,Delhi,-406.39,0.0
2390,Kids,Lifestyle,Waffle One,XL,-1.0,6110.030000000001,0.0,0.0,2025/05/24,Online,Delhi,496.54,0.0
2002,Women,Training,ZoomX Invincible,XL,4.0,6820.42,0.0,0.0,2024/10/03,Retail,Kolkata,3842.85,0.0
2394,Kids,Lifestyle,Air Force 1,XL,0.0,6110.030000000001,0.2,0.0,2023-08-18,Online,Delhi,-133.03,0.0
2395,Kids,Soccer,Premier III,XL,1.0,6110.030000000001,0.0,0.0,2025/07/08,Online,Pune,85.0,0.0
2396,Men,Basketball,Air Jordan,L,0.0,5967.92,0.03,0.0,09-06-2025,Retail,Pune,859.93,0.0
2397,Men,Soccer,Phantom GT,XL,0.0,6110.030000000001,0.0,0.0,2023-12-27,Retail,Mumbai,3996.96,0.0
2399,Women,Running,Air Zoom,L,-1.0,6188.29,0.0,0.0,2024-08-07,Retail,Pune,515.6,0.0
2025,Kids,Training,ZoomX Invincible,XL,4.0,6743.07,0.0,0.0,2024-10-09,Online,Pune,-277.41,0.0
2012,Kids,Running,Pegasus Turbo,Unknown,0.0,9220.15,0.0,0.0,2025/04/02,Retail,Pune,2688.05,0.0
2402,Kids,Running,React Infinity,Unknown,0.0,6437.85,0.0,0.0,2025-03-09,Online,Mumbai,1231.3,0.0
2403,Women,Running,React Infinity,XL,0.0,6110.030000000001,1.13,0.0,2024/08/24,Retail,Delhi,1309.54,0.0
2404,Men,Lifestyle,Blazer Mid,XL,0.0,6110.030000000001,0.09,0.0,2024-01-25,Online,Pune,-501.36,0.0
2405,Men,Basketball,Kyrie Flytrap,6,1.0,6110.030000000001,0.0,0.0,2024-11-17,Online,Kolkata,69.95,0.0
2406,Men,Training,Metcon 7,L,4.0,6458.72,0.0,0.0,2023-09-17,Online,Mumbai,402.0,0.0
2407,Kids,Running,Free RN,6,0.0,9193.15,0.0,0.0,2023-12-30,Online,Kolkata,521.77,0.0
2408,Men,Soccer,Premier III,XL,1.0,6110.030000000001,0.0,0.0,2024/10/09,Retail,Bangalore,1731.86,0.0
2409,Men,Basketball,Zoom Freak,M,0.0,6110.030000000001,0.0,0.0,2025/01/19,Retail,Bangalore,2993.72,0.0
2410,Kids,Basketball,Air Jordan,Unknown,0.0,6110.030000000001,1.11,0.0,27-03-2025,Retail,Hyderabad,1344.49,0.0
2414,Women,Basketball,Air Jordan,XL,0.0,8141.8,0.0,0.0,2024-01-25,Online,Hyderabad,-829.35,0.0
2415,Women,Running,Free RN,8,3.0,6178.39,0.0,0.0,2024/07/22,Retail,Bangalore,73.75,0.0
2416,Kids,Soccer,Mercurial Superfly,9,3.0,6245.23,1.15,-2810.35,14-12-2024,Retail,Mumbai,3485.64,-2.81035
2417,Men,Lifestyle,Dunk Low,Unknown,0.0,8293.38,1.12,0.0,2024/12/29,Retail,Bangalore,1727.06,0.0
2418,Men,Soccer,Phantom GT,XL,0.0,9288.75,0.54,0.0,2025-04-29,Retail,Mumbai,3110.43,0.0
2419,Men,Lifestyle,Dunk Low,L,0.0,8738.99,0.47,0.0,2024-07-14,Online,Hyderabad,2868.49,0.0
2420,Kids,Basketball,Zoom Freak,9,0.0,6110.030000000001,1.02,0.0,2024-04-11,Online,Hyderabad,1664.6,0.0
2421,Women,Running,React Infinity,M,2.0,8136.39,0.0,0.0,2025-03-10,Retail,Pune,3398.15,0.0
2422,Kids,Soccer,Tiempo Legend,Unknown,4.0,6110.030000000001,0.0,0.0,2024/07/23,Retail,Mumbai,3044.66,0.0
2025,Kids,Training,Flex Trainer,11,0.0,4554.97,0.0,0.0,2025-03-05,Retail,Hyderabad,2802.1,0.0
2425,Kids,Training,ZoomX Invincible,XL,0.0,6110.030000000001,0.38,0.0,30-12-2024,Online,Bangalore,3058.78,0.0
2426,Kids,Lifestyle,Dunk Low,M,0.0,2278.67,0.56,0.0,05-03-2025,Retail,Pune,-72.52,0.0
2427,Men,Running,Pegasus Turbo,7,0.0,2904.11,0.0,0.0,2025-06-13,Online,Delhi,1683.98,0.0
2428,Kids,Basketball,Kyrie Flytrap,12,2.0,6110.030000000001,0.0,0.0,07-12-2024,Retail,Mumbai,427.51,0.0
2429,Kids,Lifestyle,Dunk Low,L,0.0,6110.030000000001,0.0,0.0,25-05-2025,Online,Mumbai,550.48,0.0
2430,Women,Soccer,Tiempo Legend,12,3.0,6110.030000000001,0.1,0.0,2025/07/09,Online,Pune,215.3,0.0
2431,Women,Lifestyle,Blazer Mid,L,1.0,6110.030000000001,0.0,0.0,15-11-2024,Online,Hyderabad,1627.78,0.0
2432,Women,Basketball,Zoom Freak,L,1.0,3036.61,0.86,425.13,2024-10-26,Online,Mumbai,3754.3,0.42513
2434,Kids,Training,Metcon 7,M,-1.0,3019.25,0.79,-634.04,2025/02/11,Online,Hyderabad,387.15,-0.6340399999999999
2435,Kids,Lifestyle,Waffle One,XL,0.0,5853.58,0.0,0.0,2024-04-01,Retail,Kolkata,2378.82,0.0
2437,Women,Running,Pegasus Turbo,XL,3.0,6110.030000000001,0.53,0.0,31-07-2024,Retail,Hyderabad,-281.42,0.0
2438,Men,Training,Metcon 7,8,0.0,6110.030000000001,0.0,0.0,2024-11-24,Retail,Mumbai,2965.39,0.0
2439,Men,Lifestyle,Blazer Mid,L,-1.0,3239.59,0.0,0.0,2025/03/03,Retail,Bangalore,3467.1,0.0
2440,Women,Basketball,Kyrie Flytrap,XL,-1.0,7510.8,0.0,0.0,12-11-2024,Retail,Kolkata,2989.6,0.0
2442,Men,Soccer,Tiempo Legend,L,0.0,6110.030000000001,0.04,0.0,2025/01/26,Online,Mumbai,3083.26,0.0
2443,Women,Basketball,LeBron 20,M,1.0,6271.66,0.0,0.0,2025/03/15,Retail,Mumbai,2449.43,0.0
2444,Women,Lifestyle,Blazer Mid,XL,3.0,3676.04,0.0,0.0,2025-05-25,Retail,Pune,1621.74,0.0
2445,Women,Basketball,Air Jordan,XL,0.0,6110.030000000001,0.0,0.0,02-12-2024,Online,Kolkata,141.93,0.0
2447,Kids,Lifestyle,Waffle One,XL,0.0,6110.030000000001,0.0,0.0,2024-05-04,Online,Kolkata,1291.8,0.0
2003,Women,Lifestyle,Waffle One,XL,2.0,8516.45,0.22,13285.66,2023-09-30,Online,Kolkata,1764.52,13.28566
2449,Women,Training,SuperRep Go,Unknown,-1.0,3664.69,0.0,0.0,02-03-2025,Retail,Hyderabad,-173.68,0.0
2450,Men,Basketball,Air Jordan,12,0.0,7520.63,0.0,0.0,19-07-2025,Online,Kolkata,1786.43,0.0
2451,Kids,Soccer,Premier III,Unknown,2.0,6110.030000000001,0.54,0.0,2023-11-04,Online,Mumbai,2233.57,0.0
2454,Women,Soccer,Tiempo Legend,XL,0.0,6110.030000000001,0.19,0.0,2025/02/25,Online,Bangalore,3100.44,0.0
2455,Women,Training,Metcon 7,Unknown,0.0,4071.46,0.0,0.0,22-03-2025,Retail,Delhi,2003.31,0.0
2456,Women,Soccer,Premier III,M,0.0,4254.68,0.0,0.0,2025-03-15,Retail,Kolkata,3498.64,0.0
2457,Women,Soccer,Mercurial Superfly,Unknown,0.0,8206.22,0.0,0.0,04-03-2025,Retail,Bangalore,2443.4,0.0
2458,Kids,Soccer,Phantom GT,Unknown,0.0,6110.030000000001,0.0,0.0,2023-12-20,Retail,Pune,573.21,0.0
2459,Kids,Basketball,Air Jordan,M,0.0,3572.52,0.0,0.0,2024-04-20,Retail,Kolkata,-404.04,0.0
2460,Women,Basketball,Zoom Freak,XL,2.0,5482.96,0.35,7127.85,2024-11-04,Online,Kolkata,-823.8,7.1278500000000005
2462,Men,Basketball,Zoom Freak,8,0.0,4468.7,0.49,0.0,2025-01-23,Retail,Pune,2143.6,0.0
2037,Women,Running,React Infinity,XL,0.0,6110.030000000001,0.0,0.0,2024/10/04,Online,Delhi,438.39,0.0
2464,Women,Lifestyle,Blazer Mid,XL,3.0,2699.59,0.0,0.0,2024-06-30,Retail,Hyderabad,3507.56,0.0
2465,Kids,Lifestyle,Blazer Mid,7,1.0,7814.02,0.0,0.0,22-03-2025,Retail,Pune,684.07,0.0
2466,Women,Soccer,Mercurial Superfly,Unknown,-1.0,6569.65,0.0,0.0,2025/07/05,Retail,Pune,3056.38,0.0
2467,Kids,Training,SuperRep Go,M,1.0,8484.82,0.0,0.0,2023-11-05,Online,Mumbai,1899.54,0.0
2468,Women,Soccer,Phantom GT,7,0.0,6012.23,0.62,0.0,2024/10/26,Retail,Bangalore,-1113.25,0.0
2469,Men,Training,Metcon 7,XL,4.0,6110.030000000001,1.08,0.0,2025-05-21,Retail,Mumbai,-279.26,0.0
2470,Men,Soccer,Mercurial Superfly,L,0.0,6110.030000000001,0.0,0.0,07-11-2024,Online,Delhi,1099.17,0.0
2472,Men,Basketball,LeBron 20,L,0.0,2255.65,0.0,0.0,2025/04/05,Online,Mumbai,560.7,0.0
2474,Kids,Training,Metcon 7,M,0.0,6110.030000000001,0.0,0.0,2024/12/21,Retail,Delhi,115.11,0.0
2475,Men,Running,Free RN,L,2.0,6110.030000000001,1.06,0.0,2025-01-07,Online,Bangalore,3885.97,0.0
2477,Women,Training,ZoomX Invincible,M,0.0,5923.67,0.0,0.0,30-09-2024,Online,Hyderabad,-177.68,0.0
2478,Women,Soccer,Mercurial Superfly,Unknown,2.0,6110.030000000001,0.62,0.0,12-05-2025,Online,Pune,-223.4,0.0
2480,Men,Basketball,Kyrie Flytrap,M,0.0,6110.030000000001,0.0,0.0,20-08-2024,Retail,Pune,25.18,0.0
2481,Women,Soccer,Premier III,7,1.0,9145.37,0.07,8505.19,17-04-2025,Online,Pune,1755.19,8.50519
2482,Men,Lifestyle,Air Force 1,XL,0.0,6110.030000000001,0.0,0.0,2024/09/14,Online,Mumbai,2642.8,0.0
2483,Kids,Running,Free RN,Unknown,-1.0,6110.030000000001,0.0,0.0,2025/05/17,Retail,Delhi,856.75,0.0
2484,Men,Soccer,Mercurial Superfly,10,0.0,5308.26,1.03,0.0,10-05-2025,Retail,Bangalore,1189.82,0.0
2485,Kids,Running,Air Zoom,M,0.0,9307.2,0.0,0.0,17-12-2024,Online,Hyderabad,16.06,0.0
2487,Men,Running,Air Zoom,L,3.0,5881.13,0.8,3528.68,2025-03-31,Online,Hyderabad,2108.4,3.52868
2489,Men,Lifestyle,Air Force 1,Unknown,4.0,6110.030000000001,0.18,0.0,02-10-2024,Retail,Hyderabad,1415.34,0.0
2490,Women,Soccer,Premier III,L,3.0,5015.19,0.75,3761.39,26-11-2024,Online,Hyderabad,-494.53,3.76139
2491,Kids,Soccer,Phantom GT,M,0.0,8998.44,0.0,0.0,2025/05/28,Online,Bangalore,-432.44,0.0
2493,Women,Soccer,Premier III,Unknown,3.0,6042.94,0.0,0.0,2024/11/26,Retail,Kolkata,1659.75,0.0
2494,Kids,Lifestyle,Dunk Low,Unknown,2.0,6110.030000000001,0.0,0.0,20-11-2024,Retail,Mumbai,1007.7,0.0
2495,Kids,Basketball,LeBron 20,Unknown,3.0,6110.030000000001,1.11,0.0,2025/01/20,Retail,Bangalore,36.16,0.0
2496,Kids,Running,React Infinity,M,2.0,4110.72,0.32,5590.58,2024/12/24,Retail,Bangalore,3894.95,5.59058
2497,Kids,Basketball,Air Jordan,XL,1.0,6110.030000000001,0.0,0.0,2023-11-29,Online,Mumbai,2592.98,0.0
2498,Kids,Training,ZoomX Invincible,Unknown,0.0,6110.030000000001,0.0,0.0,01-06-2025,Retail,Pune,1574.98,0.0
2499,Women,Soccer,Premier III,L,0.0,8347.87,0.0,0.0,2024-06-07,Retail,Hyderabad,1488.3,0.0
2500,Kids,Running,Pegasus Turbo,Unknown,0.0,6110.030000000001,0.99,0.0,2025/07/06,Online,Bangalore,3100.16,0.0
2501,Women,Lifestyle,Air Force 1,L,0.0,6453.36,0.0,0.0,04-06-2025,Retail,Kolkata,2321.06,0.0
2502,Women,Basketball,Kyrie Flytrap,M,0.0,6110.030000000001,0.0,0.0,2023-09-10,Retail,Mumbai,2412.82,0.0
2503,Women,Training,ZoomX Invincible,XL,-1.0,6110.030000000001,0.0,0.0,20-01-2025,Online,Bangalore,-173.16,0.0
2505,Women,Running,Free RN,9,0.0,6110.030000000001,1.11,0.0,03-07-2025,Online,Bangalore,3748.24,0.0
2506,Men,Training,SuperRep Go,Unknown,0.0,2225.73,0.0,0.0,27-05-2025,Online,Delhi,276.63,0.0
2507,Men,Soccer,Phantom GT,L,2.0,6110.030000000001,0.0,0.0,2024-03-13,Retail,Hyderabad,2116.53,0.0
2509,Men,Running,React Infinity,L,0.0,6110.030000000001,0.0,0.0,2024/11/23,Online,Bangalore,1086.09,0.0
2511,Men,Running,Pegasus Turbo,Unknown,-1.0,6310.25,0.1,-5679.23,2025/02/13,Online,Bangalore,2399.42,-5.67923
2513,Women,Basketball,Zoom Freak,XL,4.0,9848.8,0.0,0.0,2024/10/11,Online,Pune,2764.66,0.0
2514,Kids,Basketball,Air Jordan,M,1.0,6110.030000000001,0.0,0.0,2025/05/26,Online,Bangalore,1790.41,0.0
2516,Kids,Running,React Infinity,Unknown,0.0,6110.030000000001,0.0,0.0,2024-01-21,Online,Pune,157.65,0.0
2518,Women,Basketball,Air Jordan,L,0.0,6110.030000000001,1.03,0.0,2024-07-03,Retail,Delhi,-703.61,0.0
2519,Women,Running,React Infinity,L,0.0,9701.72,0.0,0.0,2024-11-10,Online,Hyderabad,-835.82,0.0
2520,Kids,Soccer,Mercurial Superfly,Unknown,0.0,6110.030000000001,0.14,0.0,09-05-2025,Online,Bangalore,-945.88,0.0
2521,Kids,Lifestyle,Blazer Mid,M,4.0,3645.35,0.0,0.0,25-09-2024,Online,Kolkata,3265.83,0.0
2522,Men,Running,Pegasus Turbo,XL,4.0,6243.91,0.0,0.0,2024-02-13,Retail,Kolkata,-199.13,0.0
2523,Men,Basketball,LeBron 20,M,0.0,7007.6,0.0,0.0,07-08-2024,Retail,Kolkata,2068.49,0.0
2524,Women,Lifestyle,Air Force 1,XL,0.0,6110.030000000001,0.0,0.0,21-11-2024,Online,Kolkata,997.53,0.0
2525,Women,Training,Metcon 7,XL,2.0,6110.030000000001,0.0,0.0,2025-02-18,Retail,Kolkata,3453.18,0.0
2526,Kids,Lifestyle,Waffle One,10,1.0,6110.030000000001,0.0,0.0,2024-08-01,Retail,Hyderabad,3188.07,0.0
2527,Men,Lifestyle,Air Force 1,XL,0.0,7408.91,0.0,0.0,2024-03-18,Online,Delhi,-138.78,0.0
2528,Women,Training,ZoomX Invincible,11,2.0,6110.030000000001,0.0,0.0,10-06-2025,Online,Delhi,134.1,0.0
2530,Women,Lifestyle,Dunk Low,M,2.0,4357.79,0.0,0.0,2025/02/27,Retail,Mumbai,3936.13,0.0
2531,Men,Soccer,Premier III,XL,0.0,6110.030000000001,0.0,0.0,09-04-2025,Online,Hyderabad,2875.41,0.0
2532,Men,Soccer,Tiempo Legend,L,0.0,6110.030000000001,0.0,0.0,2025/04/17,Retail,Bangalore,72.78,0.0
2533,Women,Training,Flex Trainer,L,0.0,6110.030000000001,1.02,0.0,2024-01-31,Online,Mumbai,2155.46,0.0
2535,Men,Soccer,Tiempo Legend,XL,2.0,2786.84,0.21,4403.21,2025/01/25,Online,Mumbai,3345.36,4.40321
2536,Kids,Running,Air Zoom,M,0.0,2221.78,0.55,0.0,02-10-2024,Retail,Delhi,-1091.66,0.0
2537,Women,Lifestyle,Waffle One,M,0.0,6110.030000000001,0.0,0.0,2025/05/30,Retail,Bangalore,2596.8,0.0
2538,Men,Lifestyle,Waffle One,Unknown,2.0,9701.24,0.0,0.0,2024/10/06,Retail,Kolkata,223.82,0.0
2539,Women,Running,Free RN,L,0.0,6110.030000000001,0.0,0.0,2025/02/26,Online,Bangalore,3748.73,0.0
2540,Women,Lifestyle,Air Force 1,L,0.0,8794.64,0.0,0.0,2025-01-09,Online,Mumbai,-938.07,0.0
2541,Kids,Running,React Infinity,M,0.0,6110.030000000001,0.0,0.0,19-05-2025,Retail,Mumbai,-1180.11,0.0
2545,Men,Training,Metcon 7,L,0.0,6110.030000000001,0.0,0.0,2025/04/26,Retail,Bangalore,924.07,0.0
2546,Kids,Training,ZoomX Invincible,XL,0.0,5179.57,0.0,0.0,03-10-2024,Retail,Bangalore,2084.99,0.0
2547,Women,Soccer,Mercurial Superfly,M,1.0,3068.13,0.0,0.0,08-07-2025,Retail,Kolkata,-586.29,0.0
2548,Kids,Running,Pegasus Turbo,L,0.0,9557.0,0.0,0.0,2025/04/23,Online,Delhi,3847.47,0.0
2550,Men,Soccer,Premier III,XL,1.0,6121.21,0.05,5815.15,2023-09-08,Online,Kolkata,2470.08,5.81515
2552,Women,Soccer,Premier III,10,1.0,6110.030000000001,0.41,0.0,03-05-2025,Retail,Hyderabad,3389.34,0.0
2553,Kids,Basketball,Kyrie Flytrap,Unknown,0.0,6708.16,0.0,0.0,2025-02-24,Online,Delhi,-739.72,0.0
2554,Women,Training,Flex Trainer,M,1.0,6755.56,0.0,0.0,2025/01/13,Retail,Bangalore,1002.19,0.0
2557,Men,Basketball,LeBron 20,M,3.0,6110.030000000001,0.0,0.0,09-11-2024,Retail,Kolkata,1115.74,0.0
2559,Men,Lifestyle,Air Force 1,7,3.0,6011.84,0.0,0.0,2025/02/10,Online,Kolkata,-99.73,0.0
2560,Kids,Basketball,Zoom Freak,M,2.0,6110.030000000001,0.0,0.0,2025/01/16,Retail,Delhi,3493.16,0.0
2561,Women,Soccer,Tiempo Legend,XL,0.0,3642.21,0.0,0.0,2024-03-25,Online,Bangalore,3900.7,0.0
2562,Kids,Training,ZoomX Invincible,L,1.0,6110.030000000001,0.0,0.0,2024-12-21,Retail,Mumbai,-79.1,0.0
2563,Men,Soccer,Mercurial Superfly,M,2.0,9443.35,0.54,8687.88,2025-04-13,Retail,Kolkata,2706.61,8.68788
2564,Women,Basketball,LeBron 20,M,0.0,6110.030000000001,0.72,0.0,2023-08-07,Online,Delhi,1279.03,0.0
2565,Women,Lifestyle,Dunk Low,XL,4.0,3028.41,0.0,0.0,2024-09-18,Online,Mumbai,1754.48,0.0
2029,Women,Running,React Infinity,Unknown,0.0,7518.66,0.0,0.0,2024/12/16,Retail,Kolkata,2543.37,0.0
2567,Women,Running,Air Zoom,M,3.0,6110.030000000001,0.0,0.0,2024/09/15,Online,Pune,1162.3,0.0
2030,Women,Soccer,Mercurial Superfly,Unknown,0.0,2298.45,0.0,0.0,12-09-2024,Retail,Kolkata,-240.32,0.0
2569,Women,Basketball,Air Jordan,L,2.0,9605.11,0.88,2305.23,24-08-2024,Online,Hyderabad,128.89,2.30523
2570,Men,Basketball,Air Jordan,L,0.0,6110.030000000001,0.0,0.0,22-03-2025,Online,Bangalore,2986.69,0.0
2571,Kids,Soccer,Phantom GT,6,0.0,4728.95,0.0,0.0,2023-11-28,Retail,Mumbai,276.98,0.0
2572,Men,Lifestyle,Waffle One,XL,-1.0,2729.99,0.76,-655.2,2024-01-31,Retail,Pune,1204.81,-0.6552
2573,Men,Soccer,Premier III,Unknown,0.0,6110.030000000001,0.75,0.0,29-08-2024,Online,Delhi,301.42,0.0
2574,Women,Soccer,Tiempo Legend,Unknown,0.0,3502.97,0.0,0.0,2024/09/19,Retail,Delhi,-542.87,0.0
2575,Men,Training,Metcon 7,XL,2.0,3582.67,0.0,0.0,2025/07/03,Online,Hyderabad,1982.16,0.0
2576,Kids,Running,Pegasus Turbo,10,0.0,9134.77,0.0,0.0,2025/01/04,Online,Pune,-427.11,0.0
2577,Women,Running,Air Zoom,L,-1.0,5545.52,0.0,0.0,2023-11-16,Retail,Mumbai,1185.56,0.0
2578,Men,Lifestyle,Blazer Mid,9,2.0,6110.030000000001,0.0,0.0,2025/05/10,Retail,Bangalore,3550.0,0.0
2579,Kids,Lifestyle,Dunk Low,7,3.0,9541.83,0.0,0.0,26-07-2024,Online,Delhi,589.3,0.0
2580,Kids,Training,Flex Trainer,M,1.0,2749.79,0.0,0.0,06-12-2024,Retail,Kolkata,2978.85,0.0
2581,Kids,Running,Free RN,10,0.0,6110.030000000001,0.53,0.0,2024/10/30,Online,Mumbai,800.45,0.0
2583,Men,Soccer,Tiempo Legend,M,0.0,6110.030000000001,0.0,0.0,2024/09/03,Retail,Mumbai,3051.16,0.0
2585,Kids,Basketball,Kyrie Flytrap,Unknown,0.0,5066.14,1.12,0.0,17-01-2025,Retail,Kolkata,-148.71,0.0
2586,Men,Running,Air Zoom,L,0.0,6110.030000000001,0.99,0.0,2024/11/24,Online,Mumbai,1146.73,0.0
2588,Kids,Basketball,LeBron 20,M,0.0,6110.030000000001,0.0,0.0,19-07-2025,Online,Pune,2861.32,0.0
2589,Men,Training,Metcon 7,M,3.0,6110.030000000001,0.0,0.0,2024-09-17,Online,Kolkata,1429.18,0.0
2591,Women,Training,SuperRep Go,Unknown,0.0,6110.030000000001,0.0,0.0,21-06-2025,Retail,Kolkata,1261.67,0.0
2592,Women,Lifestyle,Blazer Mid,M,0.0,6110.030000000001,0.0,0.0,13-10-2024,Retail,Mumbai,-907.48,0.0
2593,Men,Lifestyle,Dunk Low,L,0.0,8747.18,0.0,0.0,2025/01/04,Retail,Mumbai,2505.6,0.0
2594,Women,Training,ZoomX Invincible,XL,3.0,7944.34,0.67,7864.9,2024-02-23,Retail,Hyderabad,1534.91,7.8649
2595,Men,Basketball,LeBron 20,XL,0.0,6110.030000000001,0.0,0.0,2024-02-23,Retail,Delhi,420.27,0.0
2030,Men,Soccer,Mercurial Superfly,M,-1.0,6110.030000000001,0.7,0.0,15-03-2025,Online,Pune,-1193.55,0.0
2597,Kids,Running,Air Zoom,Unknown,3.0,3348.83,0.0,0.0,2024/12/05,Online,Bangalore,-540.08,0.0
2598,Women,Training,Metcon 7,8,0.0,9488.84,0.0,0.0,2024/12/06,Retail,Bangalore,3505.24,0.0
2600,Kids,Lifestyle,Air Force 1,M,3.0,6110.030000000001,0.0,0.0,04-11-2024,Online,Pune,803.62,0.0
2601,Women,Soccer,Tiempo Legend,XL,1.0,6110.030000000001,0.0,0.0,27-09-2024,Retail,Delhi,3739.4,0.0
2602,Kids,Running,Free RN,XL,2.0,3518.53,0.0,0.0,17-11-2024,Online,Pune,3494.88,0.0
2603,Women,Running,Air Zoom,L,0.0,6110.030000000001,0.0,0.0,2025-03-18,Online,Hyderabad,-144.08,0.0
2047,Men,Soccer,Phantom GT,Unknown,4.0,6136.45,0.0,0.0,2024-12-17,Online,Kolkata,2790.51,0.0
2605,Kids,Lifestyle,Dunk Low,Unknown,-1.0,7206.45,0.0,0.0,2025-02-01,Online,Bangalore,-228.84,0.0
2606,Women,Lifestyle,Air Force 1,L,0.0,4040.65,0.0,0.0,2025/06/04,Retail,Mumbai,805.92,0.0
2607,Women,Basketball,LeBron 20,Unknown,0.0,6110.030000000001,0.0,0.0,2023-08-31,Online,Kolkata,3522.02,0.0
2609,Kids,Soccer,Premier III,M,0.0,9649.28,0.0,0.0,2025/04/26,Online,Bangalore,2712.88,0.0
2610,Women,Lifestyle,Blazer Mid,M,0.0,8359.07,0.0,0.0,2025-05-06,Online,Bangalore,167.72,0.0
2612,Women,Training,Flex Trainer,M,0.0,6110.030000000001,0.0,0.0,2023-08-10,Retail,Mumbai,507.1,0.0
2614,Women,Running,React Infinity,XL,0.0,2265.0,0.0,0.0,05-08-2024,Retail,Bangalore,2095.44,0.0
2615,Women,Soccer,Phantom GT,XL,3.0,3042.37,0.12,8031.86,24-03-2025,Online,Pune,2105.48,8.03186
2616,Men,Lifestyle,Waffle One,XL,0.0,6110.030000000001,0.2,0.0,2024-06-07,Online,Kolkata,2788.41,0.0
2618,Kids,Lifestyle,Dunk Low,XL,0.0,6110.030000000001,0.0,0.0,2025/06/23,Retail,Pune,3718.11,0.0
2619,Kids,Lifestyle,Waffle One,L,4.0,6110.030000000001,0.65,0.0,2024-01-22,Online,Hyderabad,-300.28,0.0
2621,Kids,Soccer,Phantom GT,L,3.0,6466.57,0.59,7953.88,2024-05-19,Online,Bangalore,-1152.86,7.95388
2622,Kids,Lifestyle,Blazer Mid,M,0.0,8073.58,0.0,0.0,07-04-2025,Online,Pune,-82.31,0.0
2623,Men,Running,Pegasus Turbo,L,0.0,4658.42,0.0,0.0,08-04-2025,Retail,Mumbai,1622.42,0.0
2625,Kids,Training,Flex Trainer,M,-1.0,6815.44,0.0,0.0,2025-02-05,Online,Pune,3874.57,0.0
2626,Men,Running,Air Zoom,7,0.0,5550.99,0.0,0.0,2025/04/21,Retail,Bangalore,-757.9,0.0
2627,Women,Basketball,LeBron 20,7,0.0,6110.030000000001,0.0,0.0,2023-12-31,Online,Delhi,282.13,0.0
2628,Kids,Basketball,Kyrie Flytrap,L,4.0,6110.030000000001,0.44,0.0,29-06-2025,Retail,Pune,-348.88,0.0
2629,Kids,Lifestyle,Waffle One,XL,0.0,6110.030000000001,0.0,0.0,2024/10/23,Retail,Bangalore,1198.75,0.0
2631,Women,Basketball,Zoom Freak,Unknown,0.0,6110.030000000001,0.0,0.0,16-03-2025,Online,Kolkata,2848.46,0.0
2632,Men,Running,Pegasus Turbo,L,-1.0,7504.2,0.99,-75.04,2024-03-10,Online,Pune,2413.42,-0.07504000000000001
2633,Kids,Basketball,Air Jordan,10,0.0,6110.030000000001,0.71,0.0,13-06-2025,Online,Bangalore,3634.35,0.0
2634,Men,Lifestyle,Waffle One,Unknown,0.0,5815.75,0.0,0.0,22-08-2024,Retail,Bangalore,3190.46,0.0
2635,Women,Running,React Infinity,M,0.0,3934.22,0.0,0.0,2024-02-28,Online,Kolkata,430.63,0.0
2637,Kids,Training,SuperRep Go,L,0.0,6110.030000000001,0.0,0.0,20-04-2025,Retail,Hyderabad,3847.48,0.0
2638,Men,Soccer,Premier III,8,1.0,5028.99,0.0,0.0,2024-01-22,Online,Pune,654.11,0.0
2639,Men,Lifestyle,Blazer Mid,XL,0.0,2597.93,0.0,0.0,2025-06-25,Retail,Pune,374.95,0.0
2640,Kids,Training,ZoomX Invincible,9,2.0,7900.02,0.0,0.0,02-08-2024,Online,Bangalore,861.92,0.0
2641,Men,Running,React Infinity,Unknown,0.0,2890.77,0.0,0.0,2024/11/27,Online,Bangalore,1709.06,0.0
2642,Women,Lifestyle,Air Force 1,XL,0.0,6110.030000000001,0.0,0.0,17-05-2025,Retail,Pune,-785.16,0.0
2643,Men,Soccer,Mercurial Superfly,Unknown,0.0,6110.030000000001,0.0,0.0,2025/04/17,Retail,Mumbai,2715.31,0.0
2022,Kids,Training,ZoomX Invincible,L,3.0,6110.030000000001,0.0,0.0,27-11-2024,Retail,Mumbai,689.62,0.0
2646,Men,Soccer,Premier III,XL,1.0,6110.030000000001,0.89,0.0,20-10-2024,Retail,Kolkata,2676.52,0.0
2648,Men,Running,React Infinity,L,0.0,3477.49,0.54,0.0,2025-03-06,Retail,Delhi,3487.39,0.0
2649,Women,Basketball,Kyrie Flytrap,L,0.0,6798.48,1.18,0.0,01-02-2025,Retail,Mumbai,2297.4,0.0
2650,Men,Lifestyle,Blazer Mid,Unknown,0.0,6110.030000000001,0.0,0.0,2023-08-14,Retail,Bangalore,3703.68,0.0
2651,Kids,Basketball,Air Jordan,L,1.0,6110.030000000001,0.0,0.0,2024-10-27,Online,Kolkata,-819.33,0.0
2652,Women,Basketball,Air Jordan,Unknown,2.0,6110.030000000001,1.08,0.0,10-04-2025,Online,Delhi,-240.8,0.0
2653,Men,Running,Pegasus Turbo,M,0.0,6178.85,1.04,0.0,10-12-2024,Online,Hyderabad,2550.88,0.0
2654,Kids,Soccer,Tiempo Legend,M,0.0,6110.030000000001,0.0,0.0,2024-07-21,Online,Bangalore,2933.02,0.0
2657,Kids,Running,Air Zoom,M,4.0,6110.030000000001,0.0,0.0,2025/04/07,Online,Delhi,494.45,0.0
2658,Women,Lifestyle,Dunk Low,L,1.0,6110.030000000001,0.0,0.0,2025-04-26,Online,Delhi,155.53,0.0
2659,Kids,Basketball,LeBron 20,M,0.0,9945.56,1.01,0.0,12-05-2025,Online,Hyderabad,-1116.54,0.0
2660,Men,Training,Flex Trainer,Unknown,0.0,6110.030000000001,0.0,0.0,01-11-2024,Retail,Pune,2519.25,0.0
2663,Kids,Training,Metcon 7,L,2.0,6110.030000000001,0.43,0.0,17-06-2025,Retail,Delhi,3174.81,0.0
2664,Kids,Running,Pegasus Turbo,L,2.0,9103.08,0.0,0.0,11-12-2024,Online,Mumbai,1726.8,0.0
2667,Women,Lifestyle,Air Force 1,XL,3.0,9367.66,0.0,0.0,2025/03/23,Online,Delhi,-623.95,0.0
2668,Women,Training,ZoomX Invincible,M,0.0,6110.030000000001,0.45,0.0,2024/12/20,Retail,Bangalore,3138.32,0.0
2027,Men,Soccer,Premier III,12,4.0,7204.01,0.0,0.0,2025-06-15,Retail,Delhi,3951.42,0.0
2671,Kids,Running,Air Zoom,XL,0.0,9264.49,0.0,0.0,26-06-2025,Retail,Pune,491.18,0.0
2672,Women,Lifestyle,Air Force 1,XL,2.0,6110.030000000001,0.0,0.0,2024/08/04,Online,Mumbai,67.58,0.0
2674,Women,Lifestyle,Waffle One,7,-1.0,4784.45,0.0,0.0,2025/01/25,Online,Pune,3357.12,0.0
2675,Women,Soccer,Premier III,12,3.0,6110.030000000001,0.0,0.0,04-04-2025,Online,Hyderabad,2731.71,0.0
2676,Men,Running,Air Zoom,10,0.0,6110.030000000001,0.0,0.0,2025/05/13,Online,Delhi,3932.36,0.0
2678,Kids,Running,Pegasus Turbo,Unknown,0.0,4240.24,1.21,0.0,06-11-2024,Retail,Pune,3483.11,0.0
2679,Men,Training,Flex Trainer,M,0.0,2758.08,0.04,0.0,2024-07-05,Online,Bangalore,2447.58,0.0
2680,Kids,Training,Metcon 7,Unknown,0.0,6110.030000000001,0.0,0.0,21-07-2025,Retail,Pune,1044.98,0.0
2682,Men,Basketball,LeBron 20,XL,4.0,6110.030000000001,0.41,0.0,28-08-2024,Retail,Pune,3614.76,0.0
2683,Kids,Lifestyle,Dunk Low,XL,1.0,6110.030000000001,0.0,0.0,12-06-2025,Online,Mumbai,1119.71,0.0
2684,Men,Lifestyle,Blazer Mid,L,0.0,6110.030000000001,0.73,0.0,11-04-2025,Retail,Mumbai,1556.61,0.0
2685,Kids,Lifestyle,Dunk Low,M,4.0,6110.030000000001,0.0,0.0,2025/05/22,Retail,Hyderabad,1377.72,0.0
2686,Women,Lifestyle,Blazer Mid,L,0.0,9585.39,1.03,0.0,2025/07/03,Retail,Hyderabad,761.26,0.0
2687,Women,Lifestyle,Waffle One,8,-1.0,2381.94,0.0,0.0,30-09-2024,Retail,Delhi,1457.93,0.0
2031,Women,Soccer,Phantom GT,L,0.0,6110.030000000001,0.0,0.0,2024-07-12,Online,Mumbai,3119.37,0.0
2689,Women,Basketball,LeBron 20,Unknown,0.0,5260.17,0.0,0.0,2025/01/28,Retail,Mumbai,1402.81,0.0
2690,Kids,Training,Metcon 7,6,0.0,6110.030000000001,0.0,0.0,2024/11/21,Online,Mumbai,1125.71,0.0
2692,Women,Training,Metcon 7,XL,0.0,6110.030000000001,0.47,0.0,2024-06-02,Online,Bangalore,2528.27,0.0
2693,Kids,Training,ZoomX Invincible,10,0.0,6110.030000000001,0.0,0.0,2025/05/11,Online,Bangalore,262.12,0.0
2694,Women,Training,Metcon 7,M,0.0,6110.030000000001,0.0,0.0,2024/07/25,Online,Hyderabad,-249.45,0.0
2695,Men,Basketball,Air Jordan,L,-1.0,6110.030000000001,0.0,0.0,12-10-2024,Online,Hyderabad,3234.28,0.0
2696,Women,Lifestyle,Blazer Mid,L,0.0,6110.030000000001,1.0,0.0,2024/11/22,Online,Mumbai,66.43,0.0
2697,Men,Basketball,Air Jordan,M,-1.0,6110.030000000001,0.09,0.0,2025/06/25,Online,Delhi,681.86,0.0
2699,Men,Lifestyle,Dunk Low,XL,0.0,6110.030000000001,0.0,0.0,2025/02/21,Online,Mumbai,1052.65,0.0
2700,Kids,Training,Metcon 7,XL,0.0,6110.030000000001,0.48,0.0,2025/07/11,Retail,Bangalore,1423.83,0.0
2701,Men,Training,SuperRep Go,XL,0.0,6110.030000000001,0.0,0.0,2024/11/29,Online,Delhi,2007.01,0.0
2702,Men,Basketball,Kyrie Flytrap,XL,0.0,6110.030000000001,0.0,0.0,2024/12/16,Online,Pune,687.32,0.0
2703,Kids,Running,Pegasus Turbo,L,0.0,5214.32,0.0,0.0,2025-06-24,Online,Kolkata,-637.13,0.0
2705,Men,Running,Pegasus Turbo,Unknown,0.0,6110.030000000001,0.0,0.0,2024-01-07,Retail,Pune,-37.88,0.0
2706,Women,Training,ZoomX Invincible,XL,0.0,6110.030000000001,0.0,0.0,08-05-2025,Retail,Kolkata,3153.1,0.0
2708,Kids,Basketball,Kyrie Flytrap,L,0.0,4523.72,0.0,0.0,2024/10/14,Online,Hyderabad,-237.9,0.0
2709,Kids,Running,Free RN,10,1.0,6302.98,0.48,3277.55,2025/03/08,Retail,Delhi,2835.93,3.27755
2712,Women,Running,Pegasus Turbo,XL,0.0,6110.030000000001,0.0,0.0,2024/07/22,Retail,Delhi,3024.11,0.0
2713,Men,Lifestyle,Air Force 1,L,1.0,7877.36,0.55,3544.81,2025/05/10,Retail,Kolkata,3663.49,3.54481
2026,Women,Running,Air Zoom,Unknown,0.0,2491.06,0.0,0.0,04-09-2024,Retail,Bangalore,1660.44,0.0
2715,Kids,Basketball,LeBron 20,L,0.0,6110.030000000001,1.07,0.0,2025-06-13,Online,Kolkata,-1164.37,0.0
2716,Kids,Training,SuperRep Go,M,0.0,4830.96,0.0,0.0,17-11-2024,Online,Pune,1344.73,0.0
2717,Men,Running,Free RN,M,0.0,9473.09,0.0,0.0,17-11-2024,Online,Delhi,3055.36,0.0
2719,Women,Training,Metcon 7,Unknown,0.0,4819.76,0.0,0.0,2024-03-22,Retail,Kolkata,2066.12,0.0
2721,Kids,Training,Flex Trainer,L,0.0,6110.030000000001,0.0,0.0,2023-11-11,Online,Bangalore,1275.23,0.0
2722,Women,Lifestyle,Dunk Low,L,0.0,6110.030000000001,0.09,0.0,2024/09/30,Online,Kolkata,818.65,0.0
2723,Women,Lifestyle,Dunk Low,XL,0.0,3403.54,0.0,0.0,2025/03/10,Online,Kolkata,221.41,0.0
2724,Women,Training,Flex Trainer,L,0.0,8007.22,0.0,0.0,2025-01-16,Online,Delhi,1190.2,0.0
2726,Women,Training,Flex Trainer,Unknown,0.0,6110.030000000001,0.48,0.0,2024/08/19,Retail,Pune,1392.27,0.0
2018,Kids,Soccer,Tiempo Legend,L,0.0,6110.030000000001,0.0,0.0,15-02-2025,Retail,Bangalore,-701.28,0.0
2729,Kids,Training,Flex Trainer,Unknown,0.0,6383.55,0.0,0.0,2025/04/29,Retail,Delhi,2079.06,0.0
2731,Kids,Lifestyle,Dunk Low,M,3.0,6110.030000000001,0.0,0.0,28-03-2025,Online,Kolkata,3961.27,0.0
2732,Women,Training,SuperRep Go,M,0.0,3402.8,0.0,0.0,2025-03-01,Online,Hyderabad,1045.5,0.0
2733,Women,Running,Free RN,L,0.0,6743.38,0.0,0.0,2024-11-22,Online,Pune,1908.63,0.0
2734,Women,Soccer,Tiempo Legend,Unknown,-1.0,6110.030000000001,0.0,0.0,2025/07/10,Online,Bangalore,1229.08,0.0
2735,Kids,Running,Free RN,XL,0.0,6110.030000000001,0.0,0.0,2024/08/05,Online,Kolkata,928.63,0.0
2736,Men,Soccer,Tiempo Legend,Unknown,0.0,6110.030000000001,0.49,0.0,2025-02-22,Retail,Delhi,3042.49,0.0
2737,Kids,Basketball,Kyrie Flytrap,XL,0.0,6110.030000000001,0.0,0.0,2024/09/10,Retail,Mumbai,144.37,0.0
2738,Women,Training,ZoomX Invincible,M,3.0,6110.030000000001,0.39,0.0,2025-05-11,Retail,Pune,-712.53,0.0
2739,Kids,Running,Free RN,L,2.0,6110.030000000001,0.26,0.0,2025/02/04,Online,Kolkata,2350.69,0.0
2741,Women,Training,SuperRep Go,L,0.0,5241.9,0.0,0.0,2025-01-15,Online,Hyderabad,-295.49,0.0
2742,Kids,Lifestyle,Blazer Mid,XL,0.0,7063.25,0.0,0.0,2024/11/14,Online,Mumbai,3746.48,0.0
2003,Women,Training,ZoomX Invincible,XL,4.0,7850.87,1.02,-628.07,2025/04/01,Online,Kolkata,992.14,-0.62807
2745,Men,Soccer,Phantom GT,XL,-1.0,6110.030000000001,0.94,0.0,2024/12/31,Retail,Hyderabad,501.65,0.0
2746,Women,Basketball,Air Jordan,L,-1.0,9795.69,0.0,0.0,21-09-2024,Online,Mumbai,1044.46,0.0
2748,Men,Basketball,Kyrie Flytrap,XL,0.0,6110.030000000001,0.05,0.0,14-08-2024,Retail,Pune,1010.96,0.0
2028,Kids,Training,ZoomX Invincible,Unknown,0.0,5474.79,0.0,0.0,2025/03/01,Online,Pune,-682.62,0.0
2751,Men,Basketball,Air Jordan,XL,0.0,4776.83,0.0,0.0,2025/03/09,Retail,Delhi,2857.99,0.0
2752,Kids,Lifestyle,Waffle One,Unknown,0.0,6110.030000000001,0.0,0.0,2025/02/23,Retail,Pune,341.26,0.0
2753,Men,Running,Pegasus Turbo,L,0.0,6110.030000000001,0.0,0.0,2024/12/02,Retail,Kolkata,-364.23,0.0
2754,Kids,Training,ZoomX Invincible,XL,1.0,6110.030000000001,0.0,0.0,2025-01-03,Online,Kolkata,3565.12,0.0
2755,Men,Running,React Infinity,M,3.0,8574.0,0.0,0.0,24-12-2024,Online,Bangalore,161.95,0.0
2756,Women,Lifestyle,Waffle One,Unknown,0.0,8510.85,1.11,0.0,2023-09-21,Retail,Bangalore,1491.91,0.0
2757,Men,Soccer,Phantom GT,Unknown,0.0,3101.14,0.0,0.0,2025/05/21,Online,Hyderabad,-271.85,0.0
2759,Kids,Soccer,Premier III,Unknown,0.0,6110.030000000001,0.0,0.0,2024-01-26,Retail,Delhi,1822.72,0.0
2760,Men,Training,SuperRep Go,7,0.0,6110.030000000001,0.0,0.0,2025/05/28,Online,Mumbai,1496.19,0.0
2763,Women,Soccer,Phantom GT,10,4.0,3328.58,0.0,0.0,2024/07/31,Online,Pune,-763.34,0.0
2764,Kids,Lifestyle,Blazer Mid,Unknown,0.0,7776.94,0.0,0.0,2025/03/17,Retail,Kolkata,-532.24,0.0
2765,Women,Soccer,Premier III,M,0.0,6370.84,0.0,0.0,2025/06/24,Online,Mumbai,1609.7,0.0
2766,Women,Lifestyle,Dunk Low,Unknown,-1.0,2609.07,0.0,0.0,2024/12/23,Retail,Mumbai,-265.27,0.0
2767,Kids,Basketball,Zoom Freak,L,0.0,6887.39,0.0,0.0,2025/07/21,Online,Delhi,1562.76,0.0
2768,Men,Basketball,LeBron 20,Unknown,0.0,6110.030000000001,0.0,0.0,2025/01/03,Online,Pune,3525.96,0.0
2050,Men,Basketball,LeBron 20,Unknown,0.0,8335.48,0.57,0.0,2025/06/30,Retail,Mumbai,832.37,0.0
2770,Men,Soccer,Tiempo Legend,9,0.0,6110.030000000001,0.7,0.0,22-08-2024,Online,Kolkata,-1095.12,0.0
2771,Men,Running,Pegasus Turbo,M,0.0,5222.92,0.0,0.0,2025-05-26,Online,Delhi,1804.67,0.0
2772,Kids,Basketball,Zoom Freak,12,0.0,6110.030000000001,0.0,0.0,04-01-2025,Online,Pune,2332.29,0.0
2773,Women,Training,ZoomX Invincible,M,1.0,5045.62,1.21,-1059.58,02-04-2025,Online,Hyderabad,1191.02,-1.05958
2776,Men,Training,Flex Trainer,L,0.0,6110.030000000001,0.0,0.0,2025-03-17,Retail,Mumbai,1143.68,0.0
2778,Kids,Soccer,Phantom GT,11,0.0,4462.26,0.0,0.0,2025/06/20,Online,Hyderabad,1006.73,0.0
2779,Kids,Basketball,Kyrie Flytrap,Unknown,0.0,6110.030000000001,0.09,0.0,2024-12-06,Online,Bangalore,-187.36,0.0
2781,Men,Training,Metcon 7,12,1.0,6546.59,0.68,2094.91,2023-09-03,Retail,Bangalore,1504.31,2.09491
2783,Women,Running,React Infinity,Unknown,0.0,6110.030000000001,0.36,0.0,08-09-2024,Retail,Pune,134.95,0.0
2784,Women,Basketball,Kyrie Flytrap,M,0.0,6110.030000000001,0.0,0.0,2025/01/28,Online,Pune,2982.03,0.0
2785,Women,Lifestyle,Blazer Mid,L,2.0,6110.030000000001,0.0,0.0,20-10-2024,Retail,Hyderabad,-834.71,0.0
2786,Women,Lifestyle,Blazer Mid,9,0.0,6110.030000000001,0.59,0.0,20-10-2024,Online,Hyderabad,3872.35,0.0
2787,Kids,Training,Metcon 7,12,3.0,3440.88,0.0,0.0,2024/08/31,Online,Pune,22.93,0.0
2788,Women,Soccer,Mercurial Superfly,M,0.0,7478.84,0.0,0.0,2024-01-04,Retail,Hyderabad,-18.4,0.0
2789,Kids,Lifestyle,Dunk Low,M,0.0,6110.030000000001,0.0,0.0,2024-01-15,Retail,Kolkata,1756.75,0.0
2790,Kids,Running,React Infinity,XL,0.0,6110.030000000001,0.0,0.0,17-08-2024,Retail,Delhi,2554.82,0.0
2791,Kids,Training,Metcon 7,M,0.0,6110.030000000001,0.0,0.0,2024-05-29,Retail,Delhi,1194.43,0.0
2792,Kids,Lifestyle,Waffle One,L,-1.0,4338.16,0.0,0.0,08-05-2025,Online,Kolkata,-328.05,0.0
2793,Men,Running,Pegasus Turbo,XL,0.0,6110.030000000001,0.0,0.0,2024/10/12,Retail,Bangalore,922.24,0.0
2796,Men,Lifestyle,Dunk Low,12,-1.0,2849.49,0.0,0.0,2023-11-08,Retail,Mumbai,2597.58,0.0
2797,Women,Lifestyle,Dunk Low,Unknown,0.0,2162.29,0.0,0.0,2025-03-30,Retail,Delhi,3158.47,0.0
2799,Kids,Training,SuperRep Go,Unknown,3.0,2359.47,0.54,3256.07,08-07-2025,Online,Mumbai,3165.65,3.2560700000000002
2800,Women,Running,React Infinity,6,0.0,8737.08,0.9,0.0,13-03-2025,Online,Delhi,1737.0,0.0
2801,Women,Running,React Infinity,8,2.0,6110.030000000001,0.0,0.0,2024-02-13,Retail,Mumbai,2966.12,0.0
2802,Men,Running,Free RN,L,3.0,6110.030000000001,0.0,0.0,2024-01-19,Online,Kolkata,-231.73,0.0
2803,Women,Soccer,Mercurial Superfly,XL,0.0,6110.030000000001,0.0,0.0,2023-11-02,Online,Hyderabad,83.11,0.0
2805,Women,Running,Pegasus Turbo,L,-1.0,6110.030000000001,0.82,0.0,2023-08-28,Online,Pune,2037.76,0.0
2806,Kids,Basketball,Kyrie Flytrap,7,3.0,4466.78,0.0,0.0,2024-02-10,Online,Bangalore,2407.08,0.0
2807,Kids,Training,ZoomX Invincible,L,2.0,6110.030000000001,0.0,0.0,01-10-2024,Online,Hyderabad,875.36,0.0
2811,Men,Basketball,Zoom Freak,8,3.0,9153.02,0.0,0.0,24-01-2025,Retail,Bangalore,-77.61,0.0
2812,Men,Basketball,LeBron 20,Unknown,2.0,9507.39,0.01,18824.63,08-08-2024,Online,Kolkata,2570.01,18.824630000000003
2814,Kids,Running,React Infinity,M,0.0,6110.030000000001,0.0,0.0,2024/10/07,Online,Delhi,1702.06,0.0
2816,Men,Basketball,LeBron 20,M,3.0,5983.35,0.0,0.0,22-01-2025,Retail,Hyderabad,916.13,0.0
2032,Women,Soccer,Mercurial Superfly,10,2.0,6110.030000000001,0.96,0.0,16-10-2024,Online,Kolkata,-596.41,0.0
2818,Kids,Soccer,Premier III,Unknown,-1.0,6110.030000000001,0.0,0.0,2025/05/08,Retail,Pune,-797.91,0.0
2819,Kids,Soccer,Premier III,9,0.0,7645.41,0.0,0.0,2025-01-20,Retail,Bangalore,593.62,0.0
2820,Women,Lifestyle,Blazer Mid,M,4.0,8659.15,0.0,0.0,2024/08/05,Online,Mumbai,2078.39,0.0
2821,Kids,Lifestyle,Air Force 1,Unknown,0.0,3360.35,0.0,0.0,2025/04/08,Online,Delhi,2991.25,0.0
2822,Women,Lifestyle,Blazer Mid,11,0.0,8314.34,0.0,0.0,10-07-2025,Retail,Bangalore,-1145.98,0.0
2823,Men,Soccer,Mercurial Superfly,L,1.0,6110.030000000001,0.0,0.0,27-07-2024,Retail,Mumbai,-1125.91,0.0
2824,Men,Basketball,Air Jordan,L,4.0,5123.35,0.0,0.0,2024/11/02,Online,Mumbai,1620.37,0.0
2827,Men,Basketball,Air Jordan,L,0.0,4278.28,1.17,0.0,2025/01/27,Retail,Hyderabad,860.32,0.0
2828,Women,Training,ZoomX Invincible,XL,0.0,2095.0,0.0,0.0,05-09-2024,Online,Hyderabad,-831.4,0.0
2829,Men,Basketball,LeBron 20,XL,0.0,6110.030000000001,0.0,0.0,2024-07-17,Online,Kolkata,2539.92,0.0
2831,Women,Training,SuperRep Go,7,4.0,6110.030000000001,0.0,0.0,2024/11/10,Online,Mumbai,3134.87,0.0
2832,Kids,Basketball,Kyrie Flytrap,Unknown,0.0,6110.030000000001,0.15,0.0,2024-05-17,Retail,Hyderabad,752.0,0.0
2833,Women,Training,Flex Trainer,XL,4.0,2224.9,0.0,0.0,2025/01/19,Online,Pune,-16.04,0.0
2834,Kids,Training,Flex Trainer,M,-1.0,9544.08,0.0,0.0,2024-09-05,Retail,Kolkata,575.58,0.0
2835,Women,Lifestyle,Air Force 1,Unknown,0.0,9240.64,0.63,0.0,2024-10-07,Retail,Pune,1873.76,0.0
2836,Men,Basketball,Kyrie Flytrap,L,0.0,9098.9,0.75,0.0,2025-07-22,Retail,Delhi,2729.87,0.0
2838,Women,Basketball,Air Jordan,XL,4.0,8605.73,0.0,0.0,08-01-2025,Retail,Pune,-990.99,0.0
2839,Men,Lifestyle,Waffle One,6,0.0,6110.030000000001,0.0,0.0,03-03-2025,Online,Hyderabad,2992.52,0.0
2050,Women,Lifestyle,Blazer Mid,L,-1.0,6110.030000000001,0.0,0.0,2024-11-28,Online,Kolkata,3407.87,0.0
2842,Women,Soccer,Phantom GT,M,-1.0,6110.030000000001,0.0,0.0,2025-01-19,Online,Bangalore,-1193.98,0.0
2843,Men,Training,SuperRep Go,12,0.0,6110.030000000001,0.0,0.0,25-04-2025,Online,Mumbai,3574.05,0.0
2845,Men,Training,ZoomX Invincible,Unknown,0.0,6110.030000000001,0.0,0.0,2023-10-31,Retail,Pune,40.98,0.0
2846,Kids,Training,ZoomX Invincible,L,0.0,2932.99,0.0,0.0,2024/10/29,Online,Pune,-543.26,0.0
2847,Men,Training,Metcon 7,XL,0.0,6110.030000000001,0.16,0.0,16-11-2024,Online,Bangalore,3988.85,0.0
2848,Kids,Running,Free RN,8,0.0,9476.8,0.03,0.0,2024/08/14,Online,Hyderabad,-350.03,0.0
2008,Men,Running,Air Zoom,XL,0.0,6110.030000000001,0.0,0.0,2024-07-25,Retail,Mumbai,-639.42,0.0
2850,Kids,Lifestyle,Waffle One,XL,2.0,6110.030000000001,0.0,0.0,2024-11-10,Retail,Pune,458.86,0.0
2851,Kids,Lifestyle,Blazer Mid,XL,0.0,2241.11,0.0,0.0,2024-12-28,Online,Mumbai,1243.95,0.0
2853,Women,Basketball,Kyrie Flytrap,XL,0.0,6110.030000000001,0.0,0.0,2025/02/06,Retail,Hyderabad,3841.05,0.0
2854,Women,Basketball,LeBron 20,Unknown,-1.0,6110.030000000001,0.98,0.0,2023-11-07,Online,Pune,1103.35,0.0
2855,Kids,Basketball,Air Jordan,Unknown,0.0,2809.8,0.0,0.0,20-04-2025,Online,Mumbai,-425.73,0.0
2856,Kids,Basketball,Kyrie Flytrap,M,0.0,6110.030000000001,1.14,0.0,2023-10-12,Online,Kolkata,3137.85,0.0
2857,Women,Running,React Infinity,10,0.0,4105.44,0.73,0.0,25-08-2024,Online,Kolkata,3197.09,0.0
2858,Kids,Lifestyle,Air Force 1,Unknown,0.0,6110.030000000001,0.6,0.0,2024/10/26,Retail,Pune,2847.01,0.0
2860,Kids,Lifestyle,Air Force 1,XL,-1.0,7568.04,0.0,0.0,2025/04/07,Retail,Hyderabad,1365.3,0.0
2861,Kids,Training,ZoomX Invincible,XL,0.0,6110.030000000001,0.0,0.0,2025/04/20,Online,Pune,650.99,0.0
2862,Kids,Soccer,Phantom GT,9,4.0,7940.29,1.02,-635.22,11-11-2024,Retail,Delhi,1803.25,-0.63522
2863,Women,Training,Metcon 7,6,0.0,8609.77,0.0,0.0,2024-11-23,Retail,Pune,-711.07,0.0
2864,Kids,Soccer,Tiempo Legend,Unknown,-1.0,6445.79,0.45,-3545.18,2025/03/23,Online,Bangalore,1534.89,-3.5451799999999998
2865,Women,Soccer,Phantom GT,Unknown,1.0,6110.030000000001,0.71,0.0,2024/12/16,Retail,Kolkata,-94.06,0.0
2866,Kids,Training,SuperRep Go,11,2.0,6110.030000000001,0.0,0.0,09-01-2025,Online,Pune,273.28,0.0
2867,Men,Soccer,Mercurial Superfly,11,1.0,9936.58,0.0,0.0,2025-02-20,Online,Hyderabad,3190.43,0.0
2868,Women,Running,React Infinity,M,0.0,7379.45,0.0,0.0,2024/10/23,Retail,Delhi,-688.14,0.0
2869,Kids,Soccer,Premier III,M,4.0,6110.030000000001,0.0,0.0,26-07-2024,Online,Pune,1550.3,0.0
2870,Kids,Training,Metcon 7,M,1.0,9633.68,0.0,0.0,2024/10/05,Retail,Delhi,771.96,0.0
2871,Men,Training,Flex Trainer,M,1.0,2294.09,0.0,0.0,22-07-2025,Retail,Bangalore,1002.21,0.0
2872,Men,Basketball,Kyrie Flytrap,M,0.0,3953.13,0.0,0.0,2024-01-08,Online,Kolkata,3414.32,0.0
2874,Women,Soccer,Mercurial Superfly,L,0.0,6110.030000000001,0.01,0.0,2024-03-04,Retail,Delhi,-109.71,0.0
2875,Women,Lifestyle,Dunk Low,L,4.0,7401.53,0.0,0.0,2024/09/16,Retail,Bangalore,1559.28,0.0
2876,Kids,Lifestyle,Waffle One,Unknown,0.0,6110.030000000001,0.0,0.0,2024/08/21,Retail,Hyderabad,-94.98,0.0
2877,Women,Basketball,Kyrie Flytrap,Unknown,0.0,6110.030000000001,0.0,0.0,2024-12-08,Retail,Kolkata,3327.04,0.0
2879,Kids,Basketball,Zoom Freak,M,0.0,2831.62,0.0,0.0,03-02-2025,Retail,Bangalore,1053.25,0.0
2880,Kids,Basketball,Air Jordan,9,0.0,8132.33,0.63,0.0,19-05-2025,Retail,Delhi,191.67,0.0
2050,Kids,Basketball,Zoom Freak,6,3.0,6110.030000000001,0.0,0.0,30-06-2025,Retail,Kolkata,-1000.03,0.0
2883,Kids,Soccer,Premier III,Unknown,0.0,6110.030000000001,0.0,0.0,24-03-2025,Online,Delhi,1627.33,0.0
2884,Kids,Running,Pegasus Turbo,7,0.0,9897.0,0.0,0.0,10-05-2025,Online,Hyderabad,-156.47,0.0
2886,Kids,Running,Free RN,XL,0.0,8164.32,0.94,0.0,19-08-2024,Retail,Pune,286.3,0.0
2887,Women,Lifestyle,Waffle One,L,0.0,9292.33,0.0,0.0,2024-02-25,Online,Hyderabad,3747.95,0.0
2888,Kids,Running,Air Zoom,L,0.0,8956.73,1.17,0.0,2025/06/24,Online,Pune,2320.49,0.0
2889,Women,Basketball,Zoom Freak,M,0.0,6110.030000000001,1.23,0.0,2024/09/01,Online,Hyderabad,2447.88,0.0
2890,Men,Soccer,Phantom GT,L,0.0,6110.030000000001,0.0,0.0,23-05-2025,Retail,Bangalore,-147.78,0.0
2892,Women,Running,Free RN,M,4.0,6110.030000000001,0.0,0.0,2024-11-24,Online,Bangalore,-1195.79,0.0
2893,Women,Running,React Infinity,10,1.0,6110.030000000001,0.61,0.0,2025-04-01,Retail,Delhi,780.43,0.0
2894,Women,Lifestyle,Air Force 1,L,0.0,6110.030000000001,0.0,0.0,2024/11/20,Retail,Hyderabad,1796.17,0.0
2895,Kids,Running,React Infinity,Unknown,3.0,6110.030000000001,0.0,0.0,2024/08/03,Online,Pune,677.85,0.0
2896,Kids,Training,SuperRep Go,7,0.0,6252.51,0.47,0.0,15-02-2025,Online,Delhi,-1104.33,0.0
2899,Men,Basketball,LeBron 20,L,3.0,6531.36,0.0,0.0,2025-05-17,Online,Mumbai,-91.78,0.0
2006,Men,Lifestyle,Waffle One,XL,2.0,6110.030000000001,0.0,0.0,2023-09-26,Retail,Mumbai,-716.79,0.0
2902,Kids,Basketball,Kyrie Flytrap,10,0.0,8138.68,0.0,0.0,2025/05/13,Retail,Kolkata,2604.35,0.0
2903,Men,Soccer,Phantom GT,M,0.0,2735.54,0.0,0.0,2024/09/05,Retail,Delhi,2944.26,0.0
2904,Women,Soccer,Tiempo Legend,9,2.0,8644.67,0.54,7953.1,29-04-2025,Online,Bangalore,2711.75,7.9531
2905,Men,Running,React Infinity,M,0.0,5762.39,0.0,0.0,2025/07/15,Retail,Hyderabad,-584.1,0.0
2906,Women,Lifestyle,Waffle One,7,1.0,6110.030000000001,0.0,0.0,2024-08-25,Retail,Delhi,-291.45,0.0
2907,Men,Soccer,Premier III,L,0.0,8432.5,0.0,0.0,2024-02-25,Retail,Kolkata,3790.63,0.0
2908,Men,Running,Pegasus Turbo,M,0.0,6110.030000000001,0.53,0.0,22-11-2024,Retail,Hyderabad,-74.0,0.0
2909,Women,Running,Air Zoom,XL,0.0,7617.75,0.33,0.0,2024-08-20,Retail,Pune,-186.9,0.0
2910,Kids,Training,Flex Trainer,9,0.0,6110.030000000001,0.49,0.0,2025/04/15,Retail,Bangalore,1818.49,0.0
2911,Kids,Basketball,Zoom Freak,M,0.0,6110.030000000001,0.0,0.0,2023-10-26,Retail,Mumbai,927.88,0.0
2912,Kids,Running,React Infinity,XL,2.0,9839.63,0.98,393.59,2024-03-07,Online,Bangalore,1218.22,0.39359
2913,Women,Lifestyle,Dunk Low,8,0.0,6110.030000000001,0.3,0.0,25-06-2025,Online,Pune,-1036.78,0.0
2914,Men,Soccer,Tiempo Legend,L,0.0,7603.38,1.25,0.0,2025/03/25,Online,Mumbai,-950.86,0.0
2916,Kids,Lifestyle,Blazer Mid,XL,0.0,6110.030000000001,0.0,0.0,2024-08-05,Retail,Hyderabad,-1121.25,0.0
2917,Men,Soccer,Phantom GT,Unknown,1.0,3204.72,0.0,0.0,2024/12/21,Retail,Bangalore,1916.14,0.0
2918,Men,Training,SuperRep Go,M,0.0,6110.030000000001,0.0,0.0,2024/11/07,Retail,Mumbai,1398.13,0.0
2919,Men,Soccer,Premier III,M,0.0,7323.53,0.0,0.0,2025/04/01,Retail,Bangalore,488.37,0.0
2921,Kids,Training,Metcon 7,M,0.0,9092.33,0.39,0.0,13-01-2025,Retail,Bangalore,2826.57,0.0
2922,Kids,Soccer,Tiempo Legend,XL,2.0,6110.030000000001,1.2,0.0,16-01-2025,Online,Kolkata,3495.67,0.0
2026,Women,Soccer,Premier III,Unknown,0.0,6110.030000000001,0.0,0.0,2024/10/01,Retail,Mumbai,111.21,0.0
2928,Women,Lifestyle,Waffle One,6,3.0,6110.030000000001,0.0,0.0,07-09-2024,Online,Delhi,-1064.86,0.0
2929,Kids,Soccer,Tiempo Legend,M,0.0,6589.95,0.0,0.0,2024-04-01,Retail,Hyderabad,157.26,0.0
2930,Women,Basketball,Air Jordan,L,0.0,6110.030000000001,0.57,0.0,2024/12/20,Retail,Bangalore,819.42,0.0
2931,Men,Basketball,Zoom Freak,7,0.0,6110.030000000001,0.0,0.0,2023-08-25,Retail,Pune,3751.45,0.0
2932,Kids,Running,Air Zoom,12,0.0,6110.030000000001,0.35,0.0,2025/03/01,Online,Bangalore,-427.86,0.0
2933,Women,Training,ZoomX Invincible,Unknown,2.0,9501.17,0.0,0.0,2024-04-13,Retail,Hyderabad,1069.32,0.0
2934,Women,Basketball,LeBron 20,XL,-1.0,2370.91,0.0,0.0,2024-03-14,Online,Mumbai,3043.95,0.0
2935,Men,Lifestyle,Dunk Low,L,4.0,6110.030000000001,0.0,0.0,2024-05-13,Online,Hyderabad,478.07,0.0
2936,Women,Training,Flex Trainer,XL,1.0,6496.58,0.29,4612.57,2024-07-31,Retail,Pune,1933.1,4.61257
2938,Kids,Soccer,Phantom GT,L,1.0,6110.030000000001,0.0,0.0,14-01-2025,Online,Delhi,2596.64,0.0
2940,Women,Soccer,Premier III,L,-1.0,8412.43,0.0,0.0,2025/05/06,Retail,Hyderabad,-344.67,0.0
2941,Men,Lifestyle,Blazer Mid,XL,-1.0,9331.65,0.0,0.0,2025-05-02,Retail,Kolkata,492.35,0.0
2942,Women,Training,Flex Trainer,10,4.0,5222.39,0.57,8982.51,2025/04/16,Online,Bangalore,-68.53,8.98251
2943,Women,Training,SuperRep Go,7,-1.0,3390.0,0.0,0.0,2024/10/09,Retail,Mumbai,-429.78,0.0
2944,Women,Training,ZoomX Invincible,Unknown,0.0,9738.93,0.0,0.0,2024/10/06,Retail,Pune,261.36,0.0
2947,Women,Lifestyle,Blazer Mid,XL,0.0,4113.48,0.38,0.0,2024/12/04,Online,Mumbai,1604.63,0.0
2948,Men,Basketball,Kyrie Flytrap,6,0.0,6110.030000000001,0.16,0.0,2025/04/19,Online,Kolkata,1708.88,0.0
2949,Men,Running,React Infinity,M,0.0,6110.030000000001,0.49,0.0,2025-07-05,Online,Delhi,698.79,0.0
2952,Kids,Training,SuperRep Go,XL,0.0,5443.44,0.0,0.0,2024-09-13,Retail,Kolkata,2237.39,0.0
2049,Men,Training,Metcon 7,M,2.0,6110.030000000001,1.08,0.0,04-12-2024,Online,Bangalore,-400.59,0.0
2955,Kids,Basketball,LeBron 20,XL,0.0,9846.09,0.12,0.0,2024/07/30,Retail,Kolkata,2250.93,0.0
2956,Kids,Training,ZoomX Invincible,Unknown,4.0,6110.030000000001,0.86,0.0,2024-05-16,Online,Mumbai,3144.87,0.0
2957,Men,Basketball,Zoom Freak,XL,0.0,5348.89,0.47,0.0,19-11-2024,Online,Kolkata,753.26,0.0
2958,Women,Lifestyle,Blazer Mid,Unknown,4.0,7898.87,0.0,0.0,2025/05/07,Online,Mumbai,1097.55,0.0
2961,Kids,Soccer,Tiempo Legend,XL,0.0,6110.030000000001,0.0,0.0,2024-11-21,Retail,Mumbai,665.39,0.0
2963,Kids,Training,Flex Trainer,XL,0.0,6110.030000000001,0.0,0.0,10-06-2025,Retail,Bangalore,1172.39,0.0
2964,Kids,Basketball,Zoom Freak,Unknown,-1.0,6110.030000000001,0.0,0.0,2024-06-17,Online,Mumbai,995.42,0.0
2965,Men,Training,Metcon 7,XL,0.0,2171.48,0.0,0.0,28-04-2025,Retail,Bangalore,3079.48,0.0
2966,Kids,Training,Flex Trainer,8,3.0,6110.030000000001,0.0,0.0,2025-02-27,Online,Pune,333.36,0.0
2968,Kids,Training,Flex Trainer,XL,0.0,5283.1,0.0,0.0,24-01-2025,Retail,Bangalore,575.73,0.0
2969,Men,Training,ZoomX Invincible,M,0.0,6110.030000000001,0.0,0.0,19-07-2025,Online,Pune,2323.02,0.0
2971,Women,Lifestyle,Dunk Low,Unknown,0.0,9330.31,0.0,0.0,2024/11/10,Online,Pune,-610.6,0.0
2972,Women,Soccer,Phantom GT,M,0.0,6110.030000000001,0.0,0.0,2024/10/05,Online,Kolkata,1995.69,0.0
2973,Kids,Soccer,Phantom GT,XL,0.0,3347.42,0.0,0.0,31-10-2024,Online,Bangalore,2234.16,0.0
2975,Kids,Soccer,Mercurial Superfly,10,1.0,5037.43,0.0,0.0,2024/11/10,Online,Delhi,3279.17,0.0
2976,Men,Running,Pegasus Turbo,Unknown,0.0,6703.48,0.0,0.0,2024/08/08,Retail,Hyderabad,2966.44,0.0
2978,Women,Running,Air Zoom,Unknown,0.0,6110.030000000001,1.17,0.0,2025/04/14,Retail,Kolkata,-581.26,0.0
2981,Kids,Soccer,Premier III,M,4.0,5185.52,0.0,0.0,2025-01-10,Retail,Pune,2777.67,0.0
2982,Men,Lifestyle,Dunk Low,L,0.0,6110.030000000001,0.54,0.0,2025/06/07,Online,Kolkata,1541.73,0.0
2984,Men,Soccer,Phantom GT,XL,0.0,4343.12,0.0,0.0,2024/09/06,Online,Kolkata,3073.4,0.0
2985,Kids,Running,Free RN,Unknown,0.0,8996.05,0.48,0.0,2024-05-16,Online,Bangalore,3419.45,0.0
2986,Kids,Basketball,LeBron 20,M,0.0,6877.77,0.09,0.0,2025/04/10,Online,Pune,2303.27,0.0
2987,Women,Soccer,Premier III,L,0.0,6110.030000000001,0.0,0.0,08-08-2024,Online,Pune,2365.7,0.0
2009,Women,Lifestyle,Dunk Low,M,0.0,6481.4,0.84,0.0,26-07-2024,Retail,Bangalore,522.93,0.0
2989,Men,Soccer,Mercurial Superfly,M,1.0,6429.61,0.0,0.0,2024-02-14,Online,Bangalore,2459.52,0.0
2990,Kids,Basketball,Kyrie Flytrap,XL,0.0,2601.99,0.0,0.0,2024/09/23,Retail,Bangalore,570.47,0.0
2992,Men,Soccer,Premier III,L,0.0,6110.030000000001,0.0,0.0,24-10-2024,Online,Kolkata,2276.99,0.0
2993,Men,Soccer,Premier III,M,4.0,6110.030000000001,0.0,0.0,13-10-2024,Retail,Hyderabad,1770.74,0.0
2994,Women,Lifestyle,Air Force 1,11,0.0,2932.39,0.98,0.0,2024-12-07,Retail,Mumbai,2962.69,0.0
2996,Women,Basketball,Air Jordan,11,0.0,6110.030000000001,0.0,0.0,2025-07-01,Online,Pune,3753.82,0.0
2043,Women,Lifestyle,Waffle One,L,-1.0,6110.030000000001,0.0,0.0,2024-10-13,Retail,Mumbai,497.69,0.0
2998,Women,Training,Flex Trainer,Unknown,0.0,8835.27,0.76,0.0,05-06-2025,Online,Delhi,1637.2,0.0
3001,Men,Soccer,Premier III,L,0.0,6110.030000000001,0.0,0.0,2024-01-25,Online,Delhi,-362.26,0.0
3002,Women,Lifestyle,Waffle One,Unknown,4.0,6110.030000000001,0.0,0.0,2024-11-22,Retail,Delhi,3535.87,0.0
3003,Men,Basketball,Zoom Freak,XL,2.0,6110.030000000001,0.0,0.0,2023-08-03,Online,Bangalore,-646.26,0.0
3005,Women,Basketball,Zoom Freak,9,0.0,6110.030000000001,0.19,0.0,2025-04-23,Online,Delhi,3295.17,0.0
3007,Women,Soccer,Tiempo Legend,12,1.0,7680.16,1.23,-1766.44,2025/05/30,Online,Bangalore,-1076.72,-1.76644
3009,Men,Lifestyle,Waffle One,L,0.0,6110.030000000001,0.0,0.0,15-08-2024,Online,Bangalore,3724.01,0.0
3010,Women,Soccer,Tiempo Legend,Unknown,0.0,6110.030000000001,0.0,0.0,2025-05-05,Online,Pune,-311.32,0.0
3013,Kids,Basketball,Zoom Freak,XL,4.0,6110.030000000001,0.96,0.0,16-06-2025,Retail,Kolkata,1039.09,0.0
3014,Men,Running,Air Zoom,Unknown,0.0,6110.030000000001,0.0,0.0,30-01-2025,Retail,Hyderabad,-1004.97,0.0
3016,Women,Running,Air Zoom,M,0.0,8931.44,0.0,0.0,2024/08/31,Retail,Bangalore,868.59,0.0
3018,Kids,Soccer,Premier III,11,0.0,6110.030000000001,0.0,0.0,2024-08-22,Retail,Kolkata,3364.85,0.0
3019,Women,Running,Free RN,XL,0.0,9942.61,0.0,0.0,2023-12-19,Retail,Kolkata,1316.3,0.0
3021,Women,Soccer,Mercurial Superfly,6,4.0,6110.030000000001,0.42,0.0,2023-09-21,Retail,Hyderabad,3050.7,0.0
3022,Kids,Training,ZoomX Invincible,L,-1.0,4318.48,0.0,0.0,2025/05/14,Online,Delhi,271.37,0.0
3023,Kids,Basketball,Zoom Freak,Unknown,0.0,2493.28,0.0,0.0,2024-05-19,Retail,Delhi,708.93,0.0
3024,Kids,Running,Free RN,Unknown,0.0,6110.030000000001,1.04,0.0,2024/12/07,Online,Mumbai,-687.3,0.0
3025,Kids,Lifestyle,Blazer Mid,L,4.0,6110.030000000001,0.0,0.0,2024/08/25,Retail,Hyderabad,3005.88,0.0
3026,Women,Lifestyle,Blazer Mid,10,0.0,6110.030000000001,0.0,0.0,12-03-2025,Online,Bangalore,-127.25,0.0
3027,Women,Training,SuperRep Go,L,2.0,9593.27,0.0,0.0,25-10-2024,Retail,Delhi,-1038.79,0.0
3028,Kids,Running,Air Zoom,L,4.0,5837.53,0.0,0.0,29-01-2025,Retail,Kolkata,-471.86,0.0
3030,Men,Soccer,Mercurial Superfly,Unknown,3.0,6969.28,0.58,8781.29,2023-08-08,Online,Kolkata,98.19,8.78129
3031,Kids,Soccer,Premier III,M,4.0,8588.14,0.0,0.0,2023-10-11,Online,Kolkata,-117.68,0.0
3032,Men,Running,React Infinity,XL,0.0,6110.030000000001,0.0,0.0,16-01-2025,Online,Mumbai,450.75,0.0
3033,Men,Training,ZoomX Invincible,M,0.0,9397.68,0.74,0.0,2024-11-21,Retail,Hyderabad,313.58,0.0
3036,Kids,Lifestyle,Dunk Low,11,2.0,2879.09,0.0,0.0,2024/10/15,Retail,Hyderabad,1129.11,0.0
2033,Kids,Lifestyle,Waffle One,M,0.0,6110.030000000001,0.0,0.0,2025-01-22,Online,Kolkata,-679.74,0.0
3038,Kids,Lifestyle,Air Force 1,M,0.0,4195.03,0.0,0.0,2025-01-27,Retail,Delhi,1068.18,0.0
3039,Kids,Soccer,Premier III,10,0.0,5366.19,0.0,0.0,2024-03-17,Online,Pune,638.3,0.0
3040,Women,Lifestyle,Waffle One,XL,0.0,6110.030000000001,0.0,0.0,2024-08-12,Online,Hyderabad,3833.04,0.0
3041,Kids,Lifestyle,Waffle One,9,0.0,4884.55,0.0,0.0,2025/01/03,Online,Bangalore,-1182.29,0.0
3043,Men,Running,React Infinity,L,2.0,6110.030000000001,0.0,0.0,2025/04/11,Retail,Delhi,147.79,0.0
3046,Men,Basketball,Air Jordan,11,0.0,4597.23,0.0,0.0,2025/05/26,Online,Bangalore,3277.67,0.0
3047,Women,Basketball,Kyrie Flytrap,Unknown,3.0,6175.84,0.9,1852.75,14-10-2024,Online,Hyderabad,-960.94,1.85275
3048,Women,Lifestyle,Waffle One,6,1.0,6110.030000000001,0.23,0.0,2025-07-17,Retail,Hyderabad,517.17,0.0
3049,Kids,Lifestyle,Air Force 1,11,0.0,6110.030000000001,1.06,0.0,2025-06-22,Online,Pune,-156.45,0.0
3051,Men,Training,Metcon 7,M,0.0,6110.030000000001,0.0,0.0,2024-07-28,Online,Bangalore,166.42,0.0
3052,Kids,Running,React Infinity,M,0.0,9448.34,0.78,0.0,2025/03/03,Online,Delhi,-871.1,0.0
3053,Women,Lifestyle,Air Force 1,L,0.0,6323.09,1.0,0.0,2024-09-18,Retail,Mumbai,1283.62,0.0
3054,Men,Soccer,Premier III,M,0.0,6667.47,0.0,0.0,17-12-2024,Retail,Pune,-402.6,0.0
3057,Women,Soccer,Mercurial Superfly,Unknown,0.0,4244.95,0.0,0.0,2025-01-21,Retail,Bangalore,3693.98,0.0
3058,Men,Soccer,Phantom GT,M,-1.0,8048.66,0.0,0.0,2023-08-01,Retail,Kolkata,3860.59,0.0
3059,Women,Running,React Infinity,L,3.0,6110.030000000001,1.0,0.0,2025/06/19,Online,Hyderabad,3692.43,0.0
3060,Women,Running,Free RN,L,0.0,6110.030000000001,0.0,0.0,09-09-2024,Retail,Bangalore,-1137.29,0.0
3062,Women,Soccer,Phantom GT,Unknown,1.0,6936.34,0.46,3745.62,19-03-2025,Retail,Mumbai,1647.34,3.7456199999999997
3063,Kids,Running,Air Zoom,M,2.0,9676.61,0.0,0.0,20-04-2025,Online,Mumbai,3674.74,0.0
3064,Men,Soccer,Tiempo Legend,Unknown,0.0,6041.3,0.0,0.0,2024-01-11,Retail,Pune,-1048.54,0.0
3066,Kids,Training,ZoomX Invincible,L,0.0,6110.030000000001,0.0,0.0,2024-03-01,Online,Mumbai,1383.01,0.0
3067,Men,Lifestyle,Blazer Mid,9,4.0,6110.030000000001,0.0,0.0,2024-03-05,Retail,Hyderabad,1939.56,0.0
3068,Kids,Lifestyle,Air Force 1,L,4.0,4867.07,1.21,-4088.34,25-05-2025,Online,Delhi,2863.56,-4.0883400000000005
3069,Men,Training,Metcon 7,L,1.0,6110.030000000001,1.23,0.0,13-04-2025,Online,Hyderabad,-6.91,0.0
3071,Women,Running,Air Zoom,Unknown,0.0,5081.53,0.0,0.0,2023-10-21,Online,Mumbai,-663.86,0.0
3072,Men,Training,Flex Trainer,9,0.0,6110.030000000001,0.0,0.0,26-08-2024,Retail,Mumbai,2621.5,0.0
3073,Men,Training,ZoomX Invincible,Unknown,0.0,6110.030000000001,0.0,0.0,14-06-2025,Retail,Mumbai,1992.12,0.0
3075,Kids,Soccer,Premier III,L,0.0,6110.030000000001,0.91,0.0,2025-05-28,Retail,Mumbai,3594.94,0.0
3078,Men,Running,Free RN,M,1.0,2555.18,0.0,0.0,14-09-2024,Online,Delhi,1820.38,0.0
3079,Women,Running,React Infinity,L,0.0,6110.030000000001,0.0,0.0,2024-01-10,Retail,Bangalore,2815.43,0.0
3081,Kids,Training,Flex Trainer,6,0.0,8442.39,0.0,0.0,2025/02/10,Retail,Mumbai,3126.66,0.0
3082,Men,Training,Metcon 7,L,-1.0,6110.030000000001,0.0,0.0,2024/08/11,Online,Delhi,-65.96,0.0
3083,Kids,Training,ZoomX Invincible,XL,0.0,8535.31,0.0,0.0,2024/08/29,Retail,Delhi,1159.57,0.0
3087,Kids,Lifestyle,Waffle One,M,3.0,2765.77,0.0,0.0,08-01-2025,Retail,Bangalore,2785.94,0.0
3089,Women,Basketball,Zoom Freak,XL,0.0,8399.35,0.0,0.0,2025/05/31,Online,Mumbai,2967.22,0.0
3090,Women,Basketball,LeBron 20,Unknown,0.0,8187.65,1.01,0.0,2023-12-11,Retail,Pune,196.88,0.0
3091,Women,Basketball,Air Jordan,Unknown,1.0,8666.84,0.3,6066.79,13-02-2025,Online,Hyderabad,204.77,6.06679
3092,Kids,Training,Metcon 7,L,0.0,3005.37,0.0,0.0,09-03-2025,Retail,Kolkata,-288.77,0.0
3093,Women,Soccer,Tiempo Legend,10,3.0,6110.030000000001,0.0,0.0,29-06-2025,Retail,Kolkata,28.77,0.0
3094,Men,Basketball,Zoom Freak,Unknown,0.0,4731.54,0.0,0.0,2024-07-11,Online,Delhi,3485.33,0.0
3095,Men,Running,Free RN,L,0.0,9297.64,0.16,0.0,16-02-2025,Retail,Delhi,36.7,0.0
3096,Men,Training,ZoomX Invincible,Unknown,4.0,6110.030000000001,0.9,0.0,05-03-2025,Online,Hyderabad,20.31,0.0
3097,Men,Lifestyle,Blazer Mid,L,0.0,6110.030000000001,0.5,0.0,24-01-2025,Online,Hyderabad,3419.32,0.0
3098,Women,Basketball,Kyrie Flytrap,M,0.0,5562.46,0.0,0.0,14-04-2025,Retail,Kolkata,1090.52,0.0
3099,Women,Lifestyle,Waffle One,L,0.0,8462.09,0.08,0.0,2024/10/21,Online,Mumbai,1720.4,0.0
3100,Women,Training,ZoomX Invincible,7,4.0,6110.030000000001,0.97,0.0,2025/06/30,Retail,Mumbai,1861.15,0.0
2021,Men,Lifestyle,Blazer Mid,8,3.0,3723.21,0.0,0.0,22-06-2025,Online,Bangalore,-1133.4,0.0
3102,Kids,Basketball,LeBron 20,M,0.0,6110.030000000001,0.0,0.0,18-06-2025,Retail,Bangalore,-1117.98,0.0
3103,Kids,Lifestyle,Blazer Mid,Unknown,2.0,6110.030000000001,0.0,0.0,2025/01/06,Online,Mumbai,1567.18,0.0
3104,Men,Running,Free RN,L,0.0,7734.26,0.47,0.0,09-02-2025,Online,Bangalore,1921.82,0.0
3105,Women,Soccer,Phantom GT,L,4.0,6110.030000000001,0.57,0.0,30-11-2024,Online,Pune,3176.71,0.0
3106,Men,Running,Pegasus Turbo,Unknown,0.0,6110.030000000001,0.0,0.0,2025-03-09,Online,Bangalore,3276.53,0.0
3107,Men,Running,Pegasus Turbo,11,0.0,9572.44,0.0,0.0,08-03-2025,Retail,Hyderabad,-694.97,0.0
3108,Kids,Soccer,Phantom GT,M,-1.0,6110.030000000001,0.38,0.0,16-12-2024,Online,Mumbai,1350.25,0.0
3110,Men,Running,React Infinity,L,0.0,8431.55,0.0,0.0,2024/10/13,Retail,Mumbai,3977.41,0.0
3114,Women,Running,React Infinity,L,1.0,7627.37,0.0,0.0,2025-03-27,Retail,Bangalore,2752.18,0.0
3116,Kids,Basketball,Zoom Freak,M,3.0,6110.030000000001,0.06,0.0,21-11-2024,Retail,Kolkata,-236.15,0.0
3117,Men,Basketball,Air Jordan,M,0.0,6435.2,0.0,0.0,21-09-2024,Retail,Delhi,-1181.06,0.0
3119,Kids,Lifestyle,Air Force 1,Unknown,0.0,6110.030000000001,0.0,0.0,2023-08-12,Online,Hyderabad,3995.49,0.0
3121,Kids,Training,Flex Trainer,8,0.0,2514.0,0.69,0.0,2025-03-06,Online,Kolkata,1345.4,0.0
3123,Kids,Running,Free RN,L,0.0,9804.78,0.0,0.0,2025-05-26,Online,Pune,-965.5,0.0
3124,Kids,Soccer,Mercurial Superfly,Unknown,0.0,7538.96,0.0,0.0,2025-03-31,Online,Delhi,2407.4,0.0
3125,Kids,Soccer,Phantom GT,XL,2.0,6110.030000000001,0.7,0.0,2025/03/10,Online,Bangalore,1561.59,0.0
3126,Kids,Running,React Infinity,Unknown,0.0,6110.030000000001,0.0,0.0,2024-06-10,Online,Bangalore,2772.69,0.0
3127,Men,Training,ZoomX Invincible,XL,1.0,4614.33,0.47,2445.59,2024-10-07,Online,Pune,-440.44,2.44559
3129,Kids,Basketball,Kyrie Flytrap,XL,0.0,5732.66,0.0,0.0,2024-01-30,Retail,Delhi,3187.59,0.0
3130,Men,Basketball,Air Jordan,XL,0.0,3015.02,0.0,0.0,2025-05-16,Online,Pune,2868.91,0.0
3131,Kids,Training,SuperRep Go,10,0.0,5171.44,0.33,0.0,2025/05/27,Online,Pune,634.64,0.0
3132,Kids,Lifestyle,Dunk Low,Unknown,2.0,5073.69,0.0,0.0,12-07-2025,Online,Hyderabad,-1033.35,0.0
3133,Kids,Soccer,Mercurial Superfly,L,0.0,6110.030000000001,0.77,0.0,2024-04-15,Retail,Delhi,88.55,0.0
3134,Men,Basketball,Air Jordan,L,0.0,6110.030000000001,0.19,0.0,2025/05/14,Retail,Delhi,31.3,0.0
3135,Women,Soccer,Mercurial Superfly,XL,3.0,4009.47,1.21,-2525.97,28-08-2024,Online,Pune,2434.87,-2.5259699999999996
3137,Kids,Soccer,Premier III,Unknown,0.0,7176.21,0.0,0.0,2025-07-08,Online,Bangalore,659.4,0.0
3138,Kids,Lifestyle,Blazer Mid,L,0.0,3911.84,0.42,0.0,09-11-2024,Online,Hyderabad,3601.48,0.0
3140,Women,Lifestyle,Blazer Mid,L,0.0,6110.030000000001,1.03,0.0,2023-11-19,Retail,Bangalore,3855.21,0.0
3142,Kids,Soccer,Phantom GT,XL,0.0,6110.030000000001,0.0,0.0,12-10-2024,Online,Delhi,2520.02,0.0
3143,Men,Training,Flex Trainer,7,3.0,3938.59,0.98,236.32,2024/08/23,Online,Mumbai,635.39,0.23632
3144,Women,Running,Free RN,7,0.0,8613.08,0.0,0.0,2023-09-11,Retail,Hyderabad,-1049.73,0.0
3145,Women,Basketball,Air Jordan,9,0.0,3427.03,0.37,0.0,2025/02/02,Retail,Pune,2527.96,0.0
3146,Women,Soccer,Premier III,XL,1.0,6110.030000000001,0.0,0.0,2024-12-29,Retail,Hyderabad,1087.27,0.0
3147,Kids,Training,SuperRep Go,11,0.0,2579.36,0.0,0.0,13-03-2025,Online,Mumbai,939.38,0.0
3150,Women,Lifestyle,Dunk Low,Unknown,0.0,6110.030000000001,0.0,0.0,2024-10-04,Online,Kolkata,-848.63,0.0
3151,Men,Lifestyle,Air Force 1,L,0.0,6110.030000000001,0.0,0.0,19-07-2025,Online,Kolkata,2968.24,0.0
3153,Women,Training,SuperRep Go,Unknown,0.0,3693.3,0.0,0.0,2024/09/17,Online,Bangalore,1480.99,0.0
3154,Kids,Running,Free RN,L,2.0,6110.030000000001,0.95,0.0,21-04-2025,Online,Delhi,-1100.45,0.0
3156,Women,Soccer,Phantom GT,XL,0.0,6700.68,0.0,0.0,11-01-2025,Retail,Mumbai,611.81,0.0
3159,Women,Running,Air Zoom,10,-1.0,6110.030000000001,0.0,0.0,08-04-2025,Retail,Pune,2494.21,0.0
3160,Women,Basketball,Air Jordan,M,0.0,6110.030000000001,0.0,0.0,2024-07-25,Retail,Delhi,888.87,0.0
3161,Men,Running,React Infinity,Unknown,0.0,8369.3,0.0,0.0,04-07-2025,Online,Hyderabad,1663.79,0.0
3162,Men,Soccer,Tiempo Legend,XL,2.0,6110.030000000001,0.0,0.0,2024-02-24,Online,Pune,1686.78,0.0
3163,Women,Running,Free RN,Unknown,2.0,8204.14,0.0,0.0,2025-06-22,Retail,Delhi,961.65,0.0
3164,Men,Soccer,Premier III,Unknown,4.0,6110.030000000001,0.0,0.0,28-04-2025,Online,Bangalore,-382.88,0.0
3165,Women,Soccer,Phantom GT,XL,2.0,2530.29,0.29,3593.01,17-02-2025,Online,Kolkata,3264.03,3.59301
3166,Men,Soccer,Premier III,Unknown,0.0,6110.030000000001,0.0,0.0,2024/11/03,Online,Hyderabad,-209.36,0.0
3168,Women,Lifestyle,Air Force 1,7,2.0,6125.15,0.0,0.0,2025/02/28,Retail,Delhi,61.83,0.0
3169,Men,Lifestyle,Blazer Mid,M,0.0,6110.030000000001,1.15,0.0,2024/10/10,Retail,Delhi,-744.54,0.0
3170,Men,Training,Flex Trainer,L,0.0,6110.030000000001,0.0,0.0,2025/05/15,Online,Pune,-367.73,0.0
3171,Men,Lifestyle,Air Force 1,Unknown,0.0,6110.030000000001,0.0,0.0,2023-11-16,Online,Bangalore,-445.89,0.0
3172,Men,Training,Metcon 7,9,-1.0,6110.030000000001,0.39,0.0,2023-11-14,Retail,Pune,1877.19,0.0
3173,Women,Soccer,Premier III,XL,0.0,6110.030000000001,0.0,0.0,04-11-2024,Retail,Pune,1560.81,0.0
3175,Women,Lifestyle,Dunk Low,10,-1.0,6583.76,0.71,-1909.29,2024/12/09,Retail,Mumbai,2194.69,-1.90929
3176,Men,Lifestyle,Blazer Mid,Unknown,0.0,9352.62,0.97,0.0,2025/01/20,Retail,Bangalore,903.31,0.0
3178,Women,Training,SuperRep Go,11,0.0,6110.030000000001,0.0,0.0,2024/09/19,Retail,Delhi,-271.03,0.0
3179,Women,Training,SuperRep Go,Unknown,3.0,6110.030000000001,0.36,0.0,24-04-2025,Online,Mumbai,517.77,0.0
3180,Men,Basketball,Zoom Freak,XL,0.0,6110.030000000001,0.65,0.0,05-03-2025,Online,Pune,1603.13,0.0
3184,Men,Training,ZoomX Invincible,M,0.0,6110.030000000001,0.42,0.0,15-10-2024,Online,Mumbai,-760.63,0.0
3185,Kids,Training,SuperRep Go,Unknown,0.0,9715.85,0.0,0.0,12-03-2025,Online,Pune,-542.2,0.0
3186,Men,Basketball,Zoom Freak,Unknown,0.0,3156.31,0.0,0.0,2024-10-16,Retail,Delhi,540.77,0.0
3187,Kids,Running,Air Zoom,Unknown,0.0,8979.45,0.0,0.0,2025/01/15,Online,Hyderabad,1709.08,0.0
3188,Kids,Lifestyle,Air Force 1,L,0.0,8024.17,0.6,0.0,09-02-2025,Retail,Pune,2328.33,0.0
3189,Men,Basketball,LeBron 20,L,3.0,6730.48,0.33,13528.26,2025/02/08,Online,Kolkata,1456.87,13.52826
3191,Kids,Soccer,Mercurial Superfly,L,4.0,6110.030000000001,0.0,0.0,04-02-2025,Retail,Pune,2709.18,0.0
3192,Kids,Running,Free RN,M,1.0,6110.030000000001,0.0,0.0,2025-03-16,Online,Pune,2055.67,0.0
3193,Kids,Running,Pegasus Turbo,11,0.0,8581.98,0.0,0.0,2025-02-24,Retail,Pune,3969.18,0.0
3194,Kids,Training,SuperRep Go,M,-1.0,6110.030000000001,0.0,0.0,2023-10-21,Online,Hyderabad,896.94,0.0
3195,Men,Lifestyle,Blazer Mid,Unknown,1.0,3259.95,0.0,0.0,09-03-2025,Retail,Delhi,1423.92,0.0
3203,Women,Training,SuperRep Go,11,0.0,6110.030000000001,1.17,0.0,11-03-2025,Retail,Pune,2854.21,0.0
3204,Men,Soccer,Phantom GT,Unknown,0.0,6110.030000000001,0.18,0.0,2024-12-09,Online,Kolkata,3367.72,0.0
2002,Women,Lifestyle,Dunk Low,7,0.0,6110.030000000001,0.24,0.0,2024-12-11,Online,Delhi,912.61,0.0
3206,Kids,Basketball,Kyrie Flytrap,L,-1.0,4694.72,0.58,-1971.78,2024-03-25,Retail,Bangalore,3611.24,-1.9717799999999999
3208,Kids,Training,Metcon 7,Unknown,0.0,6110.030000000001,0.97,0.0,2025/04/12,Retail,Mumbai,2190.72,0.0
3209,Women,Training,Flex Trainer,M,0.0,6110.030000000001,0.17,0.0,2024-08-20,Retail,Bangalore,1986.27,0.0
3211,Women,Lifestyle,Blazer Mid,L,0.0,8346.17,0.82,0.0,2024/08/02,Retail,Kolkata,1368.59,0.0
3212,Kids,Soccer,Mercurial Superfly,M,4.0,7670.57,0.0,0.0,2024-10-05,Retail,Kolkata,2025.11,0.0
3213,Men,Running,Air Zoom,XL,0.0,6110.030000000001,0.0,0.0,2024-12-28,Online,Kolkata,3221.7,0.0
3214,Kids,Lifestyle,Dunk Low,XL,0.0,6110.030000000001,0.0,0.0,11-09-2024,Online,Kolkata,-857.15,0.0
3215,Men,Soccer,Phantom GT,XL,0.0,6110.030000000001,0.0,0.0,2024-02-20,Online,Kolkata,2109.68,0.0
3216,Men,Basketball,Air Jordan,XL,0.0,6110.030000000001,0.0,0.0,2023-08-14,Online,Mumbai,2508.13,0.0
3217,Men,Soccer,Tiempo Legend,6,1.0,4819.75,0.22,3759.41,2025/02/15,Retail,Pune,-514.9,3.75941
3218,Men,Running,Air Zoom,6,0.0,4854.18,0.0,0.0,29-09-2024,Retail,Kolkata,3807.88,0.0
3219,Women,Basketball,Air Jordan,XL,0.0,2277.83,1.04,0.0,2025/03/17,Online,Delhi,1151.76,0.0
3220,Women,Lifestyle,Dunk Low,11,0.0,6110.030000000001,0.0,0.0,16-02-2025,Online,Bangalore,2731.04,0.0
3221,Women,Basketball,LeBron 20,Unknown,2.0,9682.68,0.88,2323.84,21-09-2024,Online,Pune,1650.44,2.32384
3222,Kids,Basketball,Air Jordan,XL,-1.0,5300.32,0.0,0.0,2024-10-08,Online,Bangalore,2593.48,0.0
3224,Women,Soccer,Phantom GT,Unknown,1.0,9872.38,0.18,8095.35,2025/03/18,Retail,Pune,233.85,8.09535
3225,Kids,Basketball,Kyrie Flytrap,L,0.0,7364.6,0.0,0.0,2023-12-20,Retail,Kolkata,-458.05,0.0
3226,Men,Soccer,Mercurial Superfly,Unknown,2.0,4585.77,0.0,0.0,2025/02/12,Retail,Pune,-241.59,0.0
3228,Kids,Basketball,LeBron 20,XL,0.0,6745.63,0.0,0.0,19-04-2025,Retail,Bangalore,3620.9,0.0
3229,Kids,Running,Free RN,Unknown,0.0,6110.030000000001,1.0,0.0,2024/08/19,Retail,Pune,188.96,0.0
3231,Men,Lifestyle,Dunk Low,L,0.0,6406.53,0.9,0.0,2024/12/17,Online,Kolkata,2859.55,0.0
3232,Kids,Lifestyle,Air Force 1,Unknown,0.0,6110.030000000001,0.0,0.0,2023-11-11,Online,Pune,2083.57,0.0
3233,Men,Soccer,Phantom GT,M,1.0,4091.68,0.0,0.0,26-04-2025,Retail,Hyderabad,571.8,0.0
3234,Kids,Soccer,Phantom GT,XL,0.0,6110.030000000001,0.0,0.0,2025/05/14,Online,Delhi,327.76,0.0
3236,Kids,Lifestyle,Blazer Mid,Unknown,4.0,6110.030000000001,0.68,0.0,2025/07/21,Retail,Hyderabad,-37.37,0.0
3237,Kids,Basketball,LeBron 20,L,3.0,5596.52,0.0,0.0,2024-08-16,Retail,Mumbai,2926.28,0.0
3240,Kids,Basketball,Zoom Freak,9,-1.0,8776.59,0.0,0.0,2024-05-27,Retail,Hyderabad,-1020.05,0.0
3241,Women,Basketball,LeBron 20,XL,0.0,7477.49,0.0,0.0,02-12-2024,Retail,Bangalore,3176.2,0.0
3242,Men,Basketball,LeBron 20,L,0.0,9677.18,0.59,0.0,2024/08/24,Retail,Bangalore,609.45,0.0
3243,Men,Lifestyle,Air Force 1,L,3.0,6110.030000000001,0.0,0.0,25-10-2024,Retail,Pune,1943.22,0.0
3244,Women,Training,Metcon 7,M,0.0,6110.030000000001,0.0,0.0,2025/03/13,Online,Hyderabad,1750.18,0.0
3245,Women,Running,React Infinity,L,3.0,6110.030000000001,0.0,0.0,2024-05-19,Retail,Pune,3102.91,0.0
3246,Men,Running,Air Zoom,7,0.0,7787.74,0.0,0.0,14-05-2025,Online,Pune,479.25,0.0
3248,Women,Lifestyle,Blazer Mid,12,0.0,8234.91,0.0,0.0,2024-11-24,Online,Mumbai,2984.1,0.0
3249,Kids,Lifestyle,Blazer Mid,M,1.0,4738.25,0.0,0.0,2025/02/25,Online,Bangalore,731.1,0.0
3250,Women,Lifestyle,Air Force 1,L,0.0,6110.030000000001,0.0,0.0,2024/09/18,Online,Pune,1172.07,0.0
3251,Men,Soccer,Premier III,7,-1.0,6735.33,0.0,0.0,01-10-2024,Retail,Kolkata,3462.04,0.0
3252,Men,Basketball,Zoom Freak,10,1.0,6110.030000000001,0.0,0.0,2024-03-26,Online,Mumbai,-563.83,0.0
3253,Kids,Running,Air Zoom,10,0.0,6110.030000000001,0.0,0.0,17-04-2025,Online,Bangalore,2267.92,0.0
3254,Women,Soccer,Mercurial Superfly,Unknown,0.0,6110.030000000001,0.51,0.0,2024/11/04,Retail,Mumbai,3035.41,0.0
3255,Kids,Basketball,Air Jordan,XL,-1.0,6975.67,0.0,0.0,02-03-2025,Online,Bangalore,960.65,0.0
3257,Women,Running,Free RN,7,-1.0,7056.01,0.0,0.0,2025-01-19,Retail,Kolkata,1190.89,0.0
3259,Women,Lifestyle,Air Force 1,6,0.0,7305.78,0.0,0.0,04-07-2025,Retail,Mumbai,573.79,0.0
3260,Men,Soccer,Mercurial Superfly,7,1.0,6110.030000000001,0.0,0.0,2025-06-28,Online,Mumbai,1287.17,0.0
3261,Men,Basketball,Air Jordan,XL,0.0,6110.030000000001,0.0,0.0,26-11-2024,Online,Hyderabad,472.79,0.0
3262,Women,Basketball,LeBron 20,6,0.0,6110.030000000001,0.0,0.0,2024-12-26,Retail,Bangalore,1490.29,0.0
3263,Women,Running,React Infinity,L,4.0,6110.030000000001,0.0,0.0,23-02-2025,Online,Mumbai,2278.12,0.0
3264,Men,Training,Metcon 7,Unknown,2.0,6110.030000000001,0.13,0.0,08-06-2025,Online,Bangalore,-992.25,0.0
3265,Women,Soccer,Mercurial Superfly,M,4.0,6110.030000000001,0.0,0.0,22-09-2024,Retail,Bangalore,2860.71,0.0
3267,Kids,Lifestyle,Air Force 1,Unknown,0.0,6110.030000000001,0.52,0.0,15-02-2025,Retail,Pune,345.92,0.0
3268,Men,Soccer,Mercurial Superfly,L,0.0,6110.030000000001,0.0,0.0,2025-07-11,Retail,Mumbai,1586.4,0.0
3269,Women,Soccer,Mercurial Superfly,M,0.0,7268.31,0.0,0.0,2024-12-03,Online,Mumbai,-719.57,0.0
3270,Kids,Lifestyle,Dunk Low,XL,0.0,6110.030000000001,0.0,0.0,2025-06-03,Online,Pune,3619.8,0.0
3271,Men,Basketball,LeBron 20,6,0.0,6110.030000000001,0.0,0.0,18-05-2025,Retail,Hyderabad,545.1,0.0
3273,Women,Soccer,Phantom GT,M,-1.0,5527.7,0.17,-4587.99,2024-02-04,Online,Bangalore,2577.59,-4.58799
3274,Men,Training,SuperRep Go,L,3.0,6031.14,0.15,15379.41,03-05-2025,Retail,Hyderabad,169.05,15.37941
3275,Women,Soccer,Premier III,L,4.0,6110.030000000001,0.0,0.0,2025/05/27,Retail,Hyderabad,1652.12,0.0
2046,Men,Soccer,Tiempo Legend,Unknown,-1.0,6110.030000000001,0.0,0.0,17-09-2024,Online,Bangalore,1314.84,0.0
3277,Men,Training,SuperRep Go,Unknown,4.0,6110.030000000001,0.0,0.0,2024/09/05,Online,Bangalore,293.59,0.0
3278,Kids,Lifestyle,Dunk Low,L,0.0,6110.030000000001,0.0,0.0,2025/01/06,Retail,Pune,107.83,0.0
3279,Kids,Soccer,Mercurial Superfly,XL,4.0,2572.41,0.1,9260.68,2024/11/09,Retail,Delhi,3098.28,9.26068
3280,Kids,Training,SuperRep Go,XL,-1.0,7709.7,0.0,0.0,2024-10-12,Online,Mumbai,663.54,0.0
3282,Kids,Basketball,Air Jordan,XL,4.0,6110.030000000001,0.23,0.0,2024-05-19,Retail,Delhi,-190.17,0.0
3283,Men,Soccer,Premier III,XL,2.0,6110.030000000001,0.0,0.0,18-10-2024,Online,Mumbai,3871.51,0.0
3284,Women,Running,Free RN,Unknown,4.0,5776.74,0.0,0.0,2024-08-20,Online,Kolkata,210.83,0.0
3285,Men,Training,Metcon 7,XL,4.0,6110.030000000001,0.0,0.0,05-10-2024,Online,Hyderabad,-401.38,0.0
3286,Kids,Basketball,LeBron 20,Unknown,0.0,4323.86,0.0,0.0,16-01-2025,Retail,Hyderabad,-577.54,0.0
3288,Kids,Lifestyle,Dunk Low,10,4.0,6110.030000000001,0.0,0.0,2024/07/25,Retail,Delhi,3852.98,0.0
3289,Men,Training,Metcon 7,M,-1.0,6110.030000000001,0.0,0.0,2024/09/13,Online,Pune,-878.7,0.0
3292,Women,Training,Metcon 7,M,0.0,6110.030000000001,0.0,0.0,2025-05-23,Online,Hyderabad,2299.04,0.0
3295,Women,Training,SuperRep Go,10,0.0,2983.6,0.0,0.0,2024/12/29,Online,Delhi,3650.65,0.0
3297,Men,Lifestyle,Air Force 1,L,0.0,5875.99,0.0,0.0,07-02-2025,Online,Delhi,3803.18,0.0
3300,Women,Basketball,Air Jordan,L,2.0,6110.030000000001,0.0,0.0,18-12-2024,Retail,Bangalore,3436.23,0.0
3302,Women,Soccer,Tiempo Legend,M,0.0,6226.74,0.0,0.0,2025/05/12,Retail,Pune,-316.51,0.0
3303,Kids,Soccer,Tiempo Legend,9,2.0,6380.5,0.0,0.0,2024-10-19,Online,Kolkata,2846.02,0.0
3304,Women,Running,React Infinity,M,0.0,6110.030000000001,0.65,0.0,2024/11/15,Online,Mumbai,2405.3,0.0
3305,Kids,Running,Free RN,Unknown,0.0,4216.14,0.0,0.0,2024-10-17,Retail,Hyderabad,-687.95,0.0
3306,Kids,Basketball,LeBron 20,L,0.0,6110.030000000001,0.25,0.0,2024/07/30,Retail,Mumbai,3052.49,0.0
3307,Women,Soccer,Mercurial Superfly,M,0.0,7127.99,0.0,0.0,12-08-2024,Online,Mumbai,818.55,0.0
3308,Men,Training,ZoomX Invincible,Unknown,0.0,6110.030000000001,0.85,0.0,2025/04/08,Online,Bangalore,2625.19,0.0
3309,Men,Lifestyle,Air Force 1,Unknown,0.0,5594.08,0.0,0.0,2023-09-12,Retail,Hyderabad,626.95,0.0
3310,Women,Running,Free RN,M,4.0,6110.030000000001,0.21,0.0,2025-04-18,Retail,Kolkata,2856.16,0.0
3311,Kids,Soccer,Premier III,M,0.0,6110.030000000001,0.04,0.0,02-05-2025,Online,Delhi,3152.21,0.0
3312,Women,Basketball,Zoom Freak,M,1.0,8069.3,0.0,0.0,25-05-2025,Retail,Pune,-95.96,0.0
3316,Women,Running,React Infinity,L,0.0,6110.030000000001,1.02,0.0,2024-04-25,Online,Bangalore,27.15,0.0
3318,Men,Training,Flex Trainer,XL,0.0,6110.030000000001,0.0,0.0,2025/04/11,Online,Delhi,1096.06,0.0
3319,Women,Running,Air Zoom,XL,0.0,6109.1,0.37,0.0,2024/09/28,Retail,Mumbai,-846.73,0.0
3320,Kids,Basketball,Air Jordan,Unknown,0.0,8046.47,0.05,0.0,2024/09/12,Online,Kolkata,-274.91,0.0
3321,Kids,Soccer,Tiempo Legend,M,4.0,4986.67,1.07,-1396.27,2025/01/15,Retail,Mumbai,3170.16,-1.39627
3322,Men,Training,Metcon 7,M,0.0,6110.030000000001,0.0,0.0,2023-08-28,Online,Hyderabad,864.55,0.0
3323,Men,Running,Air Zoom,Unknown,-1.0,8130.74,0.07,-7561.59,2024-01-01,Retail,Delhi,-687.56,-7.56159
3324,Women,Lifestyle,Dunk Low,Unknown,0.0,6110.030000000001,0.0,0.0,17-08-2024,Retail,Hyderabad,-871.48,0.0
3325,Kids,Basketball,LeBron 20,L,0.0,6110.030000000001,0.0,0.0,2024/11/06,Online,Hyderabad,1115.7,0.0
3326,Men,Training,SuperRep Go,M,0.0,6110.030000000001,0.88,0.0,2025/05/30,Online,Mumbai,991.04,0.0
3327,Men,Training,Flex Trainer,12,3.0,6110.030000000001,0.0,0.0,10-03-2025,Online,Bangalore,-1155.61,0.0
3328,Women,Soccer,Phantom GT,Unknown,-1.0,6110.030000000001,0.25,0.0,20-09-2024,Online,Pune,2132.49,0.0
3329,Kids,Training,ZoomX Invincible,M,0.0,6110.030000000001,0.0,0.0,2024-04-28,Retail,Kolkata,530.29,0.0
3334,Kids,Soccer,Tiempo Legend,L,3.0,2471.71,0.0,0.0,2023-11-14,Online,Mumbai,1190.89,0.0
3335,Men,Soccer,Premier III,Unknown,0.0,3138.53,0.0,0.0,2024-08-17,Retail,Delhi,1221.99,0.0
3336,Kids,Running,React Infinity,XL,0.0,4334.53,0.0,0.0,31-03-2025,Online,Hyderabad,2759.16,0.0
3337,Men,Training,ZoomX Invincible,L,4.0,6110.030000000001,0.0,0.0,2024-10-10,Online,Delhi,2915.13,0.0
3338,Women,Training,ZoomX Invincible,L,0.0,6110.030000000001,1.24,0.0,09-06-2025,Online,Kolkata,3011.73,0.0
3339,Men,Lifestyle,Air Force 1,Unknown,0.0,6656.01,0.0,0.0,2025/05/15,Retail,Delhi,2014.52,0.0
3340,Kids,Soccer,Premier III,M,3.0,3248.74,0.0,0.0,2024/12/29,Retail,Mumbai,2551.47,0.0
3341,Kids,Training,Metcon 7,8,3.0,8387.99,0.0,0.0,2024-03-23,Online,Bangalore,1693.41,0.0
2037,Women,Lifestyle,Dunk Low,12,4.0,6110.030000000001,1.23,0.0,2025-04-11,Online,Delhi,3651.05,0.0
3343,Kids,Basketball,Air Jordan,L,3.0,9405.77,0.0,0.0,12-11-2024,Retail,Hyderabad,1688.78,0.0
3344,Kids,Soccer,Mercurial Superfly,12,0.0,8217.37,1.06,0.0,2025/06/24,Retail,Hyderabad,303.77,0.0
3348,Women,Soccer,Mercurial Superfly,9,0.0,2114.86,0.0,0.0,2024/09/26,Online,Hyderabad,2636.76,0.0
3350,Women,Basketball,Zoom Freak,L,0.0,6110.030000000001,0.48,0.0,2025/05/28,Online,Bangalore,2199.43,0.0
3352,Women,Training,SuperRep Go,9,0.0,6622.41,0.23,0.0,2025/03/01,Retail,Pune,1437.43,0.0
3354,Men,Lifestyle,Dunk Low,L,0.0,6110.030000000001,0.4,0.0,01-11-2024,Retail,Kolkata,-987.6,0.0
3355,Kids,Basketball,LeBron 20,6,0.0,7781.4,1.14,0.0,2025/01/16,Online,Pune,1815.96,0.0
3356,Women,Soccer,Tiempo Legend,M,4.0,6110.030000000001,0.0,0.0,2025/03/13,Online,Mumbai,724.11,0.0
3357,Kids,Training,Flex Trainer,M,4.0,6206.45,0.5,12412.9,2025/04/05,Online,Delhi,678.42,12.4129
3358,Men,Basketball,Kyrie Flytrap,M,0.0,6110.030000000001,0.43,0.0,2024-08-01,Online,Hyderabad,2019.56,0.0
3359,Kids,Basketball,LeBron 20,Unknown,0.0,9362.81,1.16,0.0,01-09-2024,Retail,Mumbai,2963.03,0.0
3360,Women,Training,Metcon 7,M,4.0,6110.030000000001,0.06,0.0,2024-07-31,Online,Bangalore,304.12,0.0
3362,Men,Lifestyle,Air Force 1,L,0.0,6110.030000000001,0.0,0.0,2024-03-10,Retail,Delhi,2730.12,0.0
3363,Women,Basketball,Kyrie Flytrap,Unknown,3.0,6110.030000000001,0.6,0.0,18-02-2025,Online,Bangalore,39.86,0.0
3364,Kids,Soccer,Premier III,M,0.0,6110.030000000001,0.24,0.0,11-09-2024,Online,Pune,-371.86,0.0
3366,Men,Basketball,LeBron 20,M,0.0,6110.030000000001,0.0,0.0,2024/12/15,Retail,Pune,2762.68,0.0
2029,Kids,Training,Metcon 7,L,0.0,6548.87,0.2,0.0,2024/11/20,Online,Kolkata,3640.6,0.0
3368,Women,Training,Flex Trainer,M,0.0,6110.030000000001,0.0,0.0,14-04-2025,Retail,Delhi,2027.47,0.0
3369,Men,Running,React Infinity,L,0.0,5103.34,0.05,0.0,2024-09-27,Online,Kolkata,1247.02,0.0
3370,Women,Basketball,Air Jordan,XL,0.0,3328.45,0.0,0.0,2025/07/05,Retail,Bangalore,-1137.54,0.0
3371,Men,Training,Flex Trainer,XL,1.0,2636.01,0.0,0.0,26-04-2025,Retail,Delhi,2255.43,0.0
3372,Kids,Basketball,Kyrie Flytrap,M,0.0,6110.030000000001,0.77,0.0,24-02-2025,Online,Delhi,-1088.45,0.0
3374,Men,Training,Flex Trainer,M,4.0,4500.96,0.0,0.0,16-12-2024,Online,Pune,1905.25,0.0
3375,Kids,Running,Free RN,M,0.0,2134.23,0.0,0.0,2024/11/22,Online,Bangalore,1647.39,0.0
3379,Men,Basketball,Air Jordan,Unknown,2.0,5000.49,0.86,1400.14,2024-10-23,Retail,Pune,3000.14,1.4001400000000002
3381,Men,Training,ZoomX Invincible,Unknown,1.0,6110.030000000001,0.0,0.0,2024-02-23,Retail,Mumbai,2718.47,0.0
3382,Men,Basketball,LeBron 20,XL,2.0,9187.23,0.0,0.0,10-01-2025,Retail,Hyderabad,1710.15,0.0
3383,Women,Lifestyle,Air Force 1,XL,0.0,6110.030000000001,0.0,0.0,12-08-2024,Retail,Bangalore,3793.87,0.0
3384,Women,Basketball,Air Jordan,10,0.0,6110.030000000001,0.27,0.0,2025/07/22,Retail,Bangalore,144.65,0.0
3385,Men,Training,ZoomX Invincible,Unknown,0.0,9019.91,0.0,0.0,2025-03-21,Online,Hyderabad,-643.93,0.0
3386,Women,Soccer,Phantom GT,8,0.0,9212.82,1.09,0.0,2024/10/16,Retail,Hyderabad,3827.83,0.0
3387,Men,Soccer,Phantom GT,10,4.0,6110.030000000001,1.07,0.0,2025-06-21,Retail,Bangalore,2821.58,0.0
3388,Women,Running,Free RN,7,0.0,4042.33,0.0,0.0,03-05-2025,Online,Pune,1915.52,0.0
3389,Women,Running,Air Zoom,M,3.0,9764.91,0.0,0.0,2025-04-04,Online,Mumbai,3491.49,0.0
3391,Women,Soccer,Mercurial Superfly,M,2.0,6110.030000000001,0.0,0.0,2023-11-14,Retail,Hyderabad,1628.31,0.0
3393,Kids,Basketball,Air Jordan,M,0.0,6110.030000000001,0.68,0.0,2025/06/08,Online,Bangalore,1329.32,0.0
3394,Kids,Lifestyle,Dunk Low,XL,1.0,6110.030000000001,0.0,0.0,2024/11/03,Online,Hyderabad,2396.11,0.0
3395,Women,Running,Free RN,L,3.0,6110.030000000001,0.0,0.0,2025/01/15,Online,Mumbai,3069.77,0.0
3398,Men,Basketball,LeBron 20,XL,2.0,2082.49,0.0,0.0,2023-08-27,Retail,Kolkata,415.57,0.0
3399,Women,Basketball,LeBron 20,6,0.0,4507.45,0.0,0.0,11-02-2025,Online,Hyderabad,-1021.01,0.0
3400,Kids,Lifestyle,Waffle One,M,0.0,6110.030000000001,0.23,0.0,11-10-2024,Retail,Hyderabad,703.25,0.0
3403,Kids,Training,Flex Trainer,M,0.0,6110.030000000001,0.0,0.0,30-10-2024,Retail,Pune,-200.19,0.0
3404,Kids,Basketball,Zoom Freak,XL,0.0,6110.030000000001,0.0,0.0,05-04-2025,Online,Pune,1505.06,0.0
3405,Women,Lifestyle,Dunk Low,M,0.0,9986.17,1.04,0.0,2025-01-04,Online,Kolkata,1861.72,0.0
3406,Women,Basketball,Zoom Freak,10,0.0,6110.030000000001,1.06,0.0,19-08-2024,Online,Bangalore,3314.92,0.0
3407,Women,Lifestyle,Air Force 1,11,0.0,5704.39,1.11,0.0,18-01-2025,Retail,Delhi,-4.1,0.0
3408,Men,Basketball,Air Jordan,XL,0.0,6110.030000000001,0.0,0.0,2025/02/28,Retail,Delhi,1675.58,0.0
3409,Kids,Running,Air Zoom,M,1.0,6312.01,0.3,4418.41,08-09-2024,Retail,Delhi,-1106.07,4.41841
3410,Kids,Running,Free RN,Unknown,0.0,6110.030000000001,0.0,0.0,01-01-2025,Retail,Hyderabad,2396.55,0.0
3413,Kids,Soccer,Phantom GT,XL,2.0,6110.030000000001,0.0,0.0,2023-07-31,Online,Hyderabad,2752.65,0.0
3414,Men,Lifestyle,Dunk Low,7,4.0,9996.22,0.0,0.0,2025/01/21,Online,Mumbai,520.63,0.0
3415,Kids,Basketball,Air Jordan,L,-1.0,6165.08,0.0,0.0,2024-03-06,Online,Hyderabad,-426.97,0.0
3416,Men,Soccer,Phantom GT,XL,0.0,8954.59,0.33,0.0,04-06-2025,Retail,Hyderabad,-819.45,0.0
3417,Men,Basketball,LeBron 20,XL,0.0,5700.61,0.0,0.0,30-03-2025,Online,Kolkata,-409.81,0.0
3421,Women,Basketball,Zoom Freak,L,0.0,6110.030000000001,0.0,0.0,07-12-2024,Online,Hyderabad,-242.44,0.0
3422,Kids,Training,Metcon 7,XL,0.0,3197.01,0.0,0.0,2024-01-18,Retail,Hyderabad,2432.76,0.0
3423,Kids,Basketball,Kyrie Flytrap,L,2.0,6110.030000000001,0.0,0.0,06-08-2024,Retail,Mumbai,106.0,0.0
3424,Women,Training,SuperRep Go,M,0.0,7007.84,0.32,0.0,11-02-2025,Online,Mumbai,1955.19,0.0
3425,Women,Lifestyle,Dunk Low,Unknown,-1.0,2276.09,0.0,0.0,2024/07/25,Online,Kolkata,2342.64,0.0
3428,Women,Basketball,Air Jordan,6,1.0,2825.86,0.23,2175.91,03-12-2024,Online,Bangalore,625.3,2.17591
3429,Men,Soccer,Premier III,10,0.0,6110.030000000001,0.0,0.0,06-07-2025,Retail,Delhi,-77.97,0.0
3431,Women,Training,Metcon 7,L,-1.0,6110.030000000001,0.96,0.0,01-10-2024,Retail,Delhi,3816.31,0.0
3432,Kids,Basketball,Kyrie Flytrap,XL,0.0,6110.030000000001,0.0,0.0,03-06-2025,Online,Kolkata,-640.44,0.0
2028,Kids,Lifestyle,Waffle One,XL,0.0,6110.030000000001,0.95,0.0,02-01-2025,Online,Delhi,2511.65,0.0
3434,Kids,Basketball,Air Jordan,XL,0.0,8741.65,0.0,0.0,21-10-2024,Online,Delhi,570.25,0.0
3436,Kids,Soccer,Mercurial Superfly,L,0.0,6110.030000000001,0.0,0.0,2025-06-11,Retail,Bangalore,2107.65,0.0
3437,Kids,Soccer,Tiempo Legend,M,0.0,6110.030000000001,0.0,0.0,2024-05-10,Retail,Mumbai,-113.52,0.0
3438,Women,Soccer,Phantom GT,7,3.0,6110.030000000001,0.18,0.0,05-09-2024,Retail,Hyderabad,1669.74,0.0
2043,Kids,Running,React Infinity,6,0.0,5395.6,0.06,0.0,2025/03/07,Online,Delhi,2992.96,0.0
3441,Kids,Running,Free RN,12,2.0,9313.98,0.0,0.0,08-05-2025,Retail,Delhi,3301.27,0.0
3442,Kids,Basketball,Zoom Freak,XL,4.0,6110.030000000001,0.0,0.0,2025-01-21,Online,Mumbai,3129.5,0.0
3444,Men,Basketball,LeBron 20,L,0.0,6110.030000000001,0.0,0.0,2025/07/04,Online,Kolkata,-382.31,0.0
3446,Men,Lifestyle,Dunk Low,8,0.0,6110.030000000001,0.0,0.0,07-09-2024,Retail,Bangalore,1680.5,0.0
3447,Women,Basketball,LeBron 20,M,0.0,6110.030000000001,0.0,0.0,2025/05/14,Retail,Hyderabad,1860.15,0.0
3449,Men,Training,ZoomX Invincible,Unknown,0.0,6110.030000000001,0.25,0.0,2025/02/21,Retail,Delhi,1586.59,0.0
3450,Men,Running,React Infinity,M,3.0,6110.030000000001,0.0,0.0,2024-01-16,Retail,Bangalore,904.82,0.0
3451,Men,Training,SuperRep Go,7,0.0,6110.030000000001,0.0,0.0,2025/07/05,Retail,Mumbai,720.76,0.0
3452,Men,Training,SuperRep Go,11,0.0,6110.030000000001,0.0,0.0,05-08-2024,Online,Delhi,1239.11,0.0
3453,Kids,Soccer,Phantom GT,Unknown,0.0,2033.28,0.0,0.0,05-12-2024,Retail,Delhi,2003.05,0.0
3455,Women,Soccer,Premier III,Unknown,0.0,5947.51,0.0,0.0,17-01-2025,Retail,Hyderabad,1352.56,0.0
3457,Women,Training,Flex Trainer,11,0.0,6110.030000000001,0.81,0.0,2025/02/24,Online,Pune,3777.72,0.0
3458,Women,Running,Pegasus Turbo,Unknown,0.0,6110.030000000001,0.83,0.0,2025/01/22,Online,Mumbai,257.87,0.0
3459,Men,Lifestyle,Blazer Mid,Unknown,0.0,6100.23,0.0,0.0,2025/03/27,Retail,Hyderabad,2745.91,0.0
3462,Women,Basketball,Kyrie Flytrap,Unknown,3.0,2610.98,0.0,0.0,2024/12/21,Retail,Bangalore,274.97,0.0
3463,Women,Soccer,Phantom GT,12,1.0,6110.030000000001,0.0,0.0,24-02-2025,Retail,Pune,1853.7,0.0
3465,Men,Lifestyle,Dunk Low,Unknown,2.0,6110.030000000001,0.0,0.0,2023-11-29,Online,Delhi,1698.7,0.0
3466,Men,Basketball,Kyrie Flytrap,Unknown,2.0,6498.22,0.5,6498.22,24-10-2024,Retail,Mumbai,-360.53,6.49822
3467,Men,Lifestyle,Air Force 1,M,2.0,6110.030000000001,0.0,0.0,13-03-2025,Online,Bangalore,1472.83,0.0
3469,Kids,Running,Air Zoom,10,1.0,4590.24,0.0,0.0,2024/10/01,Online,Mumbai,3792.66,0.0
3470,Kids,Soccer,Tiempo Legend,M,0.0,6110.030000000001,0.0,0.0,11-02-2025,Online,Kolkata,284.96,0.0
3471,Kids,Lifestyle,Waffle One,L,0.0,5637.46,0.0,0.0,2025/02/04,Retail,Kolkata,-364.01,0.0
3472,Men,Basketball,Air Jordan,XL,0.0,6110.030000000001,0.0,0.0,31-08-2024,Online,Hyderabad,1750.67,0.0
3473,Kids,Soccer,Premier III,M,4.0,3551.05,0.0,0.0,2024/12/05,Online,Delhi,63.47,0.0
3475,Kids,Soccer,Tiempo Legend,L,1.0,2120.44,0.0,0.0,2024/07/29,Online,Mumbai,2996.47,0.0
3476,Men,Training,Flex Trainer,11,0.0,3891.22,0.37,0.0,25-06-2025,Retail,Mumbai,1881.61,0.0
3477,Men,Basketball,Air Jordan,M,2.0,4135.26,0.0,0.0,25-04-2025,Online,Delhi,1691.28,0.0
3478,Kids,Training,Flex Trainer,9,0.0,6110.030000000001,0.0,0.0,2025-05-17,Retail,Mumbai,2192.68,0.0
3479,Women,Training,ZoomX Invincible,XL,4.0,6110.030000000001,0.0,0.0,2024/09/16,Retail,Mumbai,1909.78,0.0
3481,Women,Lifestyle,Air Force 1,XL,4.0,6110.030000000001,0.0,0.0,2023-10-15,Online,Bangalore,2564.61,0.0
3482,Men,Soccer,Mercurial Superfly,M,0.0,6110.030000000001,0.0,0.0,2024/08/19,Online,Hyderabad,1660.47,0.0
3483,Men,Lifestyle,Air Force 1,L,4.0,4733.92,0.0,0.0,2024-12-04,Online,Kolkata,738.19,0.0
3484,Kids,Lifestyle,Dunk Low,12,0.0,2638.44,0.0,0.0,2024/08/18,Online,Bangalore,1395.41,0.0
3485,Women,Lifestyle,Dunk Low,Unknown,2.0,6110.030000000001,0.0,0.0,2024-12-14,Retail,Hyderabad,1722.38,0.0
3486,Kids,Training,SuperRep Go,L,4.0,6110.030000000001,0.0,0.0,14-10-2024,Retail,Delhi,1451.77,0.0
3487,Men,Lifestyle,Dunk Low,M,0.0,3240.99,0.42,0.0,28-05-2025,Online,Hyderabad,2927.35,0.0
3488,Women,Soccer,Tiempo Legend,XL,4.0,6110.030000000001,0.0,0.0,2025/03/12,Online,Kolkata,86.25,0.0
3489,Kids,Running,React Infinity,8,2.0,6110.030000000001,0.0,0.0,2025/04/04,Online,Mumbai,1734.72,0.0
3490,Men,Running,Free RN,L,0.0,6110.030000000001,0.98,0.0,2025-07-08,Online,Delhi,1591.77,0.0
3491,Men,Soccer,Premier III,XL,0.0,6110.030000000001,0.39,0.0,2024/10/19,Online,Mumbai,-473.94,0.0
2018,Women,Soccer,Phantom GT,6,0.0,6110.030000000001,0.0,0.0,2024/11/13,Online,Bangalore,-777.58,0.0
3494,Kids,Running,Pegasus Turbo,Unknown,0.0,6110.030000000001,0.87,0.0,2024-09-17,Retail,Pune,3566.05,0.0
3495,Women,Basketball,LeBron 20,M,-1.0,6110.030000000001,0.0,0.0,2024-08-13,Retail,Pune,3572.8,0.0
3496,Men,Running,Air Zoom,M,3.0,6110.030000000001,0.77,0.0,2024/10/08,Retail,Delhi,-786.91,0.0
3497,Women,Basketball,Zoom Freak,L,2.0,8688.92,0.0,0.0,08-12-2024,Online,Mumbai,1878.22,0.0
3498,Women,Training,SuperRep Go,M,0.0,8797.69,0.0,0.0,10-09-2024,Retail,Pune,-910.3,0.0
3499,Women,Training,ZoomX Invincible,Unknown,0.0,5864.29,0.0,0.0,2025/03/30,Retail,Kolkata,357.03,0.0
3500,Kids,Lifestyle,Blazer Mid,L,0.0,5471.81,0.56,0.0,25-03-2025,Retail,Kolkata,361.86,0.0
3501,Men,Lifestyle,Blazer Mid,Unknown,-1.0,6110.030000000001,1.13,0.0,2024/11/09,Retail,Mumbai,2016.85,0.0
3502,Men,Lifestyle,Blazer Mid,L,0.0,6418.29,0.89,0.0,2023-11-09,Online,Delhi,3665.75,0.0
3503,Men,Training,SuperRep Go,M,0.0,6992.17,0.0,0.0,16-11-2024,Online,Mumbai,-1048.24,0.0
3504,Women,Training,SuperRep Go,Unknown,0.0,9075.41,0.03,0.0,2024/08/18,Retail,Delhi,3035.95,0.0
2020,Kids,Lifestyle,Blazer Mid,XL,0.0,7126.64,0.89,0.0,2025/05/10,Retail,Delhi,535.13,0.0
3508,Kids,Training,ZoomX Invincible,Unknown,0.0,6110.030000000001,0.0,0.0,2024/10/12,Retail,Bangalore,3466.92,0.0
3509,Kids,Lifestyle,Blazer Mid,12,0.0,2066.04,0.0,0.0,22-07-2025,Online,Mumbai,2278.11,0.0
3510,Men,Soccer,Tiempo Legend,M,0.0,6110.030000000001,0.0,0.0,17-04-2025,Retail,Hyderabad,3445.21,0.0
3511,Kids,Lifestyle,Blazer Mid,XL,0.0,3248.17,0.06,0.0,2025-02-15,Retail,Hyderabad,877.12,0.0
3512,Kids,Basketball,Zoom Freak,M,4.0,6110.030000000001,0.96,0.0,05-06-2025,Retail,Pune,2516.79,0.0
3513,Women,Training,SuperRep Go,Unknown,0.0,6145.98,0.0,0.0,2025-04-16,Retail,Hyderabad,2625.95,0.0
3514,Kids,Running,React Infinity,7,0.0,6546.46,0.0,0.0,2024/08/10,Retail,Hyderabad,2804.16,0.0
3518,Women,Basketball,Air Jordan,XL,0.0,6110.030000000001,0.0,0.0,2024/08/14,Retail,Delhi,3047.69,0.0
3519,Kids,Soccer,Premier III,Unknown,0.0,6110.030000000001,0.0,0.0,2025-05-25,Retail,Kolkata,3491.18,0.0
3520,Women,Lifestyle,Waffle One,XL,2.0,2080.85,1.24,-998.81,2024-03-22,Retail,Delhi,-776.21,-0.99881
3523,Kids,Training,SuperRep Go,6,0.0,7061.5,1.04,0.0,2024-06-09,Retail,Kolkata,825.03,0.0
3524,Kids,Training,SuperRep Go,9,0.0,6110.030000000001,0.0,0.0,2024/11/12,Online,Mumbai,1646.1,0.0
3525,Kids,Running,React Infinity,Unknown,0.0,7170.91,0.0,0.0,29-01-2025,Retail,Mumbai,3030.5,0.0
2030,Men,Basketball,Air Jordan,Unknown,0.0,6110.030000000001,0.0,0.0,2024/12/18,Online,Hyderabad,2272.16,0.0
3527,Men,Soccer,Phantom GT,Unknown,3.0,6110.030000000001,0.0,0.0,2025/06/12,Online,Mumbai,-257.35,0.0
3528,Kids,Running,React Infinity,L,0.0,3742.67,0.0,0.0,2024/08/21,Retail,Hyderabad,2662.77,0.0
3529,Men,Training,SuperRep Go,L,1.0,6110.030000000001,0.2,0.0,2025/03/28,Retail,Delhi,1448.77,0.0
3530,Women,Soccer,Mercurial Superfly,Unknown,0.0,3034.73,0.0,0.0,2023-09-25,Retail,Kolkata,2458.14,0.0
3532,Kids,Running,React Infinity,XL,0.0,9244.96,0.47,0.0,2024-05-07,Online,Mumbai,-955.19,0.0
3533,Kids,Running,Air Zoom,L,0.0,6110.030000000001,0.0,0.0,2023-11-05,Retail,Hyderabad,451.71,0.0
3534,Kids,Basketball,Zoom Freak,Unknown,3.0,3280.57,0.62,3739.85,2024/11/09,Retail,Kolkata,427.76,3.73985
3535,Kids,Basketball,LeBron 20,XL,0.0,6302.89,0.82,0.0,2024/12/24,Retail,Pune,169.86,0.0
3536,Women,Lifestyle,Dunk Low,12,0.0,3929.3,0.0,0.0,2024/12/01,Retail,Bangalore,3934.31,0.0
3537,Men,Lifestyle,Blazer Mid,XL,2.0,5464.07,1.01,-109.28,15-06-2025,Online,Kolkata,3170.78,-0.10928
3538,Kids,Basketball,Kyrie Flytrap,L,0.0,6110.030000000001,0.0,0.0,2024-12-12,Online,Bangalore,2787.81,0.0
3540,Kids,Training,Flex Trainer,XL,-1.0,9564.4,0.0,0.0,16-05-2025,Retail,Delhi,1850.13,0.0
3541,Kids,Training,SuperRep Go,M,-1.0,3644.5,0.0,0.0,04-09-2024,Online,Mumbai,2011.76,0.0
3542,Men,Lifestyle,Air Force 1,Unknown,0.0,7199.03,0.61,0.0,2024/11/28,Retail,Mumbai,1826.07,0.0
3543,Kids,Lifestyle,Dunk Low,Unknown,2.0,6110.030000000001,0.0,0.0,2024/11/22,Retail,Pune,2712.79,0.0
3545,Men,Training,Flex Trainer,12,3.0,6110.030000000001,0.0,0.0,2023-08-03,Online,Delhi,2239.86,0.0
3548,Kids,Soccer,Phantom GT,Unknown,3.0,6110.030000000001,0.0,0.0,2024-03-12,Online,Kolkata,3366.32,0.0
3551,Women,Training,SuperRep Go,10,0.0,9948.15,1.12,0.0,2023-08-02,Retail,Kolkata,-259.16,0.0
3552,Men,Running,React Infinity,XL,4.0,6110.030000000001,0.0,0.0,2025/05/17,Retail,Mumbai,762.95,0.0
3553,Women,Running,Air Zoom,XL,2.0,5216.27,0.0,0.0,2025-06-25,Online,Pune,-720.87,0.0
3555,Kids,Soccer,Phantom GT,9,2.0,6110.030000000001,0.0,0.0,2025-04-26,Retail,Hyderabad,-1069.25,0.0
3556,Women,Basketball,Kyrie Flytrap,M,4.0,6110.030000000001,0.0,0.0,2025-03-13,Retail,Kolkata,-843.61,0.0
3557,Kids,Basketball,Air Jordan,L,1.0,6110.030000000001,0.66,0.0,2024/08/09,Retail,Hyderabad,-884.81,0.0
3558,Women,Training,Flex Trainer,L,4.0,4045.21,0.0,0.0,30-08-2024,Online,Mumbai,-113.44,0.0
3560,Women,Soccer,Phantom GT,Unknown,0.0,6110.030000000001,0.13,0.0,2023-07-26,Retail,Hyderabad,3662.98,0.0
3561,Women,Basketball,Zoom Freak,11,0.0,6110.030000000001,0.0,0.0,2024/07/24,Online,Kolkata,1062.39,0.0
3562,Women,Basketball,LeBron 20,Unknown,1.0,6110.030000000001,0.0,0.0,2024-10-31,Retail,Delhi,1904.66,0.0
3565,Kids,Basketball,Kyrie Flytrap,XL,0.0,6110.030000000001,0.55,0.0,2024-08-27,Online,Kolkata,3851.81,0.0
3566,Men,Lifestyle,Waffle One,XL,0.0,6110.030000000001,0.0,0.0,2024/12/12,Retail,Hyderabad,2315.64,0.0
3569,Women,Soccer,Phantom GT,12,0.0,9203.0,0.0,0.0,2024-08-12,Online,Kolkata,1797.66,0.0
3570,Men,Soccer,Tiempo Legend,Unknown,0.0,9713.73,0.0,0.0,2025/02/23,Online,Delhi,1914.18,0.0
3573,Men,Basketball,Air Jordan,Unknown,1.0,6830.98,0.39,4166.9,2025-03-18,Retail,Mumbai,-175.76,4.1669
3574,Kids,Basketball,Air Jordan,XL,0.0,6110.030000000001,0.96,0.0,2025-01-13,Online,Bangalore,2589.0,0.0
3575,Women,Running,React Infinity,XL,0.0,5716.18,1.1,0.0,03-07-2025,Retail,Pune,3271.27,0.0
3576,Women,Lifestyle,Waffle One,M,2.0,3533.18,0.0,0.0,2024-03-17,Retail,Bangalore,-586.23,0.0
3577,Women,Running,Pegasus Turbo,XL,0.0,6110.030000000001,0.0,0.0,2024/10/19,Online,Kolkata,102.77,0.0
3579,Men,Basketball,LeBron 20,XL,0.0,9995.55,0.0,0.0,2025-02-03,Retail,Delhi,1962.41,0.0
3581,Women,Soccer,Phantom GT,L,4.0,6110.030000000001,0.0,0.0,23-12-2024,Retail,Kolkata,2178.05,0.0
3582,Kids,Soccer,Mercurial Superfly,M,0.0,2117.04,0.0,0.0,2024-09-01,Online,Pune,806.52,0.0
3584,Men,Basketball,Air Jordan,10,0.0,3500.16,0.0,0.0,2025/03/19,Online,Kolkata,-258.05,0.0
3585,Men,Running,Air Zoom,XL,0.0,6110.030000000001,0.52,0.0,2025/05/03,Retail,Kolkata,1263.91,0.0
3586,Women,Lifestyle,Waffle One,L,0.0,6110.030000000001,0.0,0.0,2024/12/14,Online,Delhi,3579.64,0.0
3587,Men,Training,SuperRep Go,6,0.0,6110.030000000001,0.0,0.0,2025-07-01,Online,Bangalore,-1182.04,0.0
3588,Men,Lifestyle,Waffle One,L,0.0,7808.46,0.0,0.0,29-08-2024,Online,Pune,3190.87,0.0
3589,Kids,Training,Flex Trainer,12,0.0,6110.030000000001,0.0,0.0,12-09-2024,Retail,Mumbai,-247.69,0.0
2025,Men,Lifestyle,Waffle One,Unknown,0.0,5245.87,0.0,0.0,2024/08/01,Retail,Hyderabad,-1193.87,0.0
3591,Kids,Running,Pegasus Turbo,8,0.0,3718.65,1.1,0.0,2024/11/08,Retail,Delhi,2210.66,0.0
3592,Women,Running,Free RN,L,0.0,8609.05,0.0,0.0,2025/06/15,Retail,Kolkata,1289.77,0.0
3594,Kids,Training,Flex Trainer,Unknown,-1.0,9694.85,0.98,-193.9,2025/02/24,Online,Hyderabad,1562.86,-0.19390000000000002
3595,Kids,Running,Air Zoom,L,0.0,6890.68,0.0,0.0,2023-09-05,Online,Pune,3385.84,0.0
3596,Men,Training,Metcon 7,8,2.0,6110.030000000001,0.0,0.0,2025/06/10,Online,Pune,-66.97,0.0
3597,Kids,Basketball,Zoom Freak,Unknown,0.0,6110.030000000001,1.17,0.0,2025/04/07,Online,Hyderabad,230.4,0.0
3602,Men,Soccer,Tiempo Legend,XL,-1.0,6110.030000000001,0.0,0.0,28-07-2024,Online,Pune,3731.9,0.0
3605,Men,Soccer,Phantom GT,M,2.0,8837.76,0.0,0.0,2025/01/09,Online,Hyderabad,1627.87,0.0
3606,Women,Basketball,LeBron 20,XL,3.0,3515.86,0.0,0.0,14-02-2025,Retail,Pune,-511.49,0.0
3608,Men,Soccer,Premier III,XL,0.0,6110.030000000001,0.0,0.0,14-06-2025,Retail,Delhi,-610.18,0.0
3609,Men,Training,SuperRep Go,XL,0.0,6110.030000000001,0.0,0.0,03-11-2024,Online,Delhi,-696.69,0.0
3610,Kids,Lifestyle,Dunk Low,11,2.0,6110.030000000001,0.64,0.0,14-03-2025,Online,Kolkata,-336.38,0.0
3611,Women,Lifestyle,Waffle One,Unknown,-1.0,5798.69,0.0,0.0,2025/04/10,Online,Delhi,3450.57,0.0
3612,Women,Running,Air Zoom,XL,1.0,4632.0,0.0,0.0,2025/06/22,Online,Mumbai,2397.42,0.0
3613,Men,Lifestyle,Blazer Mid,XL,4.0,6110.030000000001,0.0,0.0,2024-08-16,Online,Hyderabad,2136.73,0.0
3614,Men,Training,ZoomX Invincible,L,0.0,6186.3,0.22,0.0,2024-09-17,Online,Pune,2169.69,0.0
3616,Kids,Lifestyle,Blazer Mid,L,1.0,9799.16,0.0,0.0,01-07-2025,Retail,Kolkata,3969.15,0.0
3617,Men,Soccer,Premier III,9,2.0,4694.37,0.0,0.0,2024/11/20,Online,Mumbai,2406.47,0.0
3618,Men,Soccer,Mercurial Superfly,9,3.0,2209.45,0.0,0.0,2025/06/15,Retail,Kolkata,932.04,0.0
3619,Kids,Lifestyle,Air Force 1,L,0.0,8915.88,0.0,0.0,2025-02-07,Online,Kolkata,824.23,0.0
3620,Men,Running,React Infinity,11,0.0,8561.18,0.0,0.0,02-11-2024,Retail,Bangalore,1538.46,0.0
3621,Women,Basketball,LeBron 20,L,0.0,9699.01,0.0,0.0,2025/04/20,Retail,Mumbai,3858.11,0.0
3622,Women,Soccer,Premier III,8,3.0,2187.91,0.0,0.0,22-09-2024,Online,Hyderabad,1951.56,0.0
3623,Men,Lifestyle,Waffle One,XL,0.0,6110.030000000001,0.75,0.0,2025-06-24,Retail,Mumbai,1980.48,0.0
3624,Women,Soccer,Premier III,6,-1.0,8534.07,0.0,0.0,17-11-2024,Retail,Mumbai,-1124.03,0.0
3625,Kids,Soccer,Tiempo Legend,XL,0.0,6110.030000000001,0.0,0.0,2025/03/02,Retail,Kolkata,849.98,0.0
3626,Men,Running,React Infinity,7,0.0,6110.030000000001,0.0,0.0,2024/09/24,Retail,Pune,1911.32,0.0
3627,Kids,Training,SuperRep Go,8,0.0,6110.030000000001,1.07,0.0,21-12-2024,Online,Mumbai,396.74,0.0
3632,Kids,Basketball,LeBron 20,Unknown,1.0,6110.030000000001,0.56,0.0,10-12-2024,Retail,Bangalore,2836.11,0.0
3634,Men,Lifestyle,Waffle One,L,0.0,6110.030000000001,1.06,0.0,08-07-2025,Online,Kolkata,3717.46,0.0
3635,Men,Training,SuperRep Go,M,2.0,6110.030000000001,0.0,0.0,2025/03/22,Retail,Bangalore,3656.45,0.0
3636,Women,Soccer,Tiempo Legend,M,2.0,7881.53,0.0,0.0,2023-12-19,Retail,Delhi,2615.73,0.0
3637,Women,Running,Pegasus Turbo,6,2.0,6577.39,0.0,0.0,2025-05-29,Retail,Delhi,1945.9,0.0
3638,Kids,Basketball,Air Jordan,8,0.0,3701.59,0.0,0.0,20-05-2025,Online,Kolkata,1148.57,0.0
3639,Men,Soccer,Mercurial Superfly,XL,0.0,6110.030000000001,0.43,0.0,2025/01/05,Online,Pune,2929.76,0.0
3640,Men,Training,Metcon 7,M,0.0,5219.18,0.0,0.0,28-04-2025,Online,Delhi,309.65,0.0
3644,Kids,Running,React Infinity,Unknown,0.0,5702.53,0.0,0.0,2023-10-31,Online,Delhi,1437.04,0.0
3646,Men,Training,Flex Trainer,XL,3.0,6110.030000000001,0.0,0.0,21-04-2025,Online,Bangalore,2873.66,0.0
3647,Women,Basketball,LeBron 20,M,0.0,3263.64,0.0,0.0,06-10-2024,Retail,Kolkata,3233.66,0.0
3648,Men,Soccer,Tiempo Legend,M,0.0,6110.030000000001,0.0,0.0,2025/01/08,Online,Bangalore,3584.04,0.0
3649,Kids,Lifestyle,Blazer Mid,XL,0.0,6486.51,0.0,0.0,19-10-2024,Online,Kolkata,2408.58,0.0
3650,Women,Soccer,Premier III,M,0.0,6110.030000000001,0.0,0.0,2024-01-07,Retail,Delhi,-520.93,0.0
3651,Men,Training,SuperRep Go,M,0.0,8891.63,1.07,0.0,2024-12-17,Retail,Delhi,-636.77,0.0
3652,Kids,Basketball,Air Jordan,XL,0.0,3176.7,0.0,0.0,2023-11-21,Online,Hyderabad,3349.8,0.0
3653,Men,Running,Air Zoom,10,0.0,6110.030000000001,0.0,0.0,03-12-2024,Retail,Hyderabad,1642.93,0.0
3654,Women,Training,Metcon 7,L,3.0,6110.030000000001,0.0,0.0,10-09-2024,Retail,Pune,2395.74,0.0
3655,Women,Lifestyle,Air Force 1,6,0.0,6110.030000000001,0.0,0.0,2025/05/08,Retail,Pune,3499.88,0.0
3656,Men,Lifestyle,Waffle One,L,4.0,6110.030000000001,0.0,0.0,11-06-2025,Retail,Pune,3421.81,0.0
3657,Men,Soccer,Mercurial Superfly,Unknown,-1.0,6110.030000000001,0.67,0.0,05-08-2024,Online,Kolkata,3451.02,0.0
2033,Women,Running,React Infinity,M,0.0,6110.030000000001,0.8,0.0,2024-07-23,Retail,Delhi,437.17,0.0
3661,Kids,Training,ZoomX Invincible,XL,0.0,9979.38,0.0,0.0,2024-12-05,Online,Delhi,2957.86,0.0
3663,Women,Training,SuperRep Go,L,0.0,5604.03,0.0,0.0,2025/04/09,Retail,Delhi,3359.81,0.0
3664,Women,Training,Flex Trainer,XL,0.0,6110.030000000001,1.22,0.0,2025/04/20,Retail,Mumbai,480.16,0.0
3665,Women,Lifestyle,Blazer Mid,Unknown,0.0,2958.1,0.0,0.0,2024-07-06,Retail,Hyderabad,2003.55,0.0
3666,Women,Running,Air Zoom,Unknown,2.0,6110.030000000001,1.18,0.0,2025-04-07,Retail,Delhi,3382.55,0.0
3668,Kids,Soccer,Premier III,XL,1.0,6110.030000000001,0.0,0.0,27-10-2024,Retail,Mumbai,795.86,0.0
3669,Women,Lifestyle,Blazer Mid,L,0.0,2287.32,0.0,0.0,2023-08-27,Online,Kolkata,3859.9,0.0
3672,Women,Soccer,Tiempo Legend,7,3.0,7127.18,0.32,14539.45,16-08-2024,Online,Delhi,2651.63,14.53945
3674,Men,Lifestyle,Waffle One,XL,0.0,6110.030000000001,0.0,0.0,18-04-2025,Online,Pune,1819.44,0.0
3675,Men,Running,Pegasus Turbo,9,2.0,6110.030000000001,0.0,0.0,13-11-2024,Online,Delhi,3969.03,0.0
3678,Women,Lifestyle,Waffle One,10,3.0,6110.030000000001,0.0,0.0,2024/08/14,Online,Kolkata,1488.91,0.0
3680,Men,Training,Flex Trainer,XL,3.0,8835.41,0.92,2120.5,2025-01-27,Retail,Delhi,-746.28,2.1205
3681,Men,Soccer,Phantom GT,L,0.0,6110.030000000001,0.95,0.0,09-04-2025,Online,Hyderabad,1838.69,0.0
3682,Women,Basketball,Zoom Freak,12,0.0,6158.05,1.12,0.0,09-10-2024,Retail,Mumbai,160.21,0.0
3683,Women,Soccer,Premier III,L,2.0,6110.030000000001,0.0,0.0,2024-05-15,Retail,Kolkata,-4.26,0.0
3684,Kids,Soccer,Tiempo Legend,L,0.0,3440.57,1.01,0.0,01-09-2024,Online,Hyderabad,3299.44,0.0
3685,Women,Basketball,Air Jordan,XL,0.0,2633.72,0.0,0.0,13-02-2025,Retail,Hyderabad,1668.0,0.0
3686,Women,Training,SuperRep Go,8,0.0,6110.030000000001,0.0,0.0,2024/10/26,Retail,Hyderabad,-2.86,0.0
3687,Women,Training,ZoomX Invincible,XL,-1.0,6216.27,0.0,0.0,2024/10/23,Retail,Mumbai,2418.27,0.0
3688,Kids,Running,React Infinity,L,1.0,5048.98,0.0,0.0,17-04-2025,Retail,Kolkata,1214.86,0.0
3689,Women,Soccer,Phantom GT,XL,0.0,6110.030000000001,0.0,0.0,2024/09/01,Retail,Pune,1854.17,0.0
2028,Kids,Soccer,Phantom GT,M,2.0,6110.030000000001,0.97,0.0,15-05-2025,Retail,Pune,2305.1,0.0
3691,Men,Soccer,Premier III,11,4.0,6110.030000000001,0.51,0.0,2025/03/28,Online,Bangalore,2305.88,0.0
3695,Kids,Training,SuperRep Go,Unknown,-1.0,4788.11,0.19,-3878.37,2025/04/07,Retail,Mumbai,-259.55,-3.87837
3696,Kids,Training,ZoomX Invincible,M,0.0,6425.04,0.0,0.0,2024-11-09,Retail,Kolkata,1966.58,0.0
3698,Women,Basketball,Zoom Freak,L,0.0,7268.55,0.34,0.0,2025/02/18,Retail,Delhi,219.99,0.0
3699,Women,Running,Air Zoom,7,0.0,8400.1,0.47,0.0,06-10-2024,Retail,Delhi,249.58,0.0
3702,Men,Running,React Infinity,M,0.0,6110.030000000001,0.99,0.0,2025-05-20,Online,Pune,3398.32,0.0
3703,Men,Running,Air Zoom,M,0.0,6110.030000000001,0.0,0.0,2024/10/01,Online,Mumbai,326.86,0.0
3705,Kids,Training,Metcon 7,6,0.0,5644.1,0.09,0.0,2024-09-11,Online,Hyderabad,3860.78,0.0
3706,Men,Running,Pegasus Turbo,M,1.0,9437.73,0.0,0.0,09-03-2025,Retail,Hyderabad,3271.38,0.0
3707,Kids,Lifestyle,Waffle One,L,4.0,9532.8,0.0,0.0,2025/02/01,Online,Mumbai,732.26,0.0
3708,Kids,Basketball,Kyrie Flytrap,12,0.0,4546.64,0.77,0.0,2025/02/15,Retail,Bangalore,3305.02,0.0
3711,Kids,Basketball,Zoom Freak,Unknown,2.0,6110.030000000001,0.53,0.0,2023-12-28,Online,Delhi,1077.08,0.0
3712,Kids,Basketball,Air Jordan,Unknown,0.0,3455.53,0.0,0.0,2024/08/03,Online,Delhi,3810.67,0.0
3713,Men,Basketball,Zoom Freak,XL,0.0,6110.030000000001,0.68,0.0,2024/10/30,Retail,Pune,3271.73,0.0
3714,Kids,Soccer,Tiempo Legend,L,2.0,3568.35,0.0,0.0,21-02-2025,Retail,Mumbai,2363.52,0.0
3715,Men,Lifestyle,Air Force 1,L,4.0,6110.030000000001,0.0,0.0,2025/06/23,Online,Bangalore,2774.43,0.0
3716,Women,Soccer,Phantom GT,Unknown,0.0,7916.1,0.9,0.0,2023-08-23,Online,Pune,2442.47,0.0
3719,Men,Running,Free RN,Unknown,2.0,5943.38,0.23,9152.81,21-06-2025,Online,Bangalore,3260.51,9.152809999999999
3720,Men,Lifestyle,Blazer Mid,XL,0.0,7365.14,0.0,0.0,2025-01-24,Retail,Delhi,3369.92,0.0
3721,Kids,Soccer,Tiempo Legend,10,0.0,7155.1,0.0,0.0,2025/07/02,Retail,Kolkata,2274.14,0.0
3722,Kids,Training,ZoomX Invincible,7,1.0,9335.0,0.22,7281.3,2023-11-21,Retail,Mumbai,1787.45,7.2813
3723,Men,Soccer,Mercurial Superfly,7,-1.0,7430.5,0.0,0.0,29-12-2024,Online,Delhi,2473.13,0.0
3724,Kids,Basketball,LeBron 20,XL,2.0,6110.030000000001,0.0,0.0,22-01-2025,Online,Bangalore,-866.33,0.0
3725,Men,Soccer,Phantom GT,7,0.0,6318.92,0.0,0.0,18-05-2025,Online,Bangalore,3353.55,0.0
3726,Kids,Soccer,Tiempo Legend,Unknown,0.0,6110.030000000001,0.0,0.0,2025/01/30,Retail,Pune,-239.87,0.0
3727,Women,Basketball,Zoom Freak,L,0.0,6110.030000000001,0.6,0.0,2024/12/17,Retail,Delhi,1555.74,0.0
3729,Men,Running,Free RN,M,0.0,6110.030000000001,0.0,0.0,06-02-2025,Retail,Hyderabad,2966.82,0.0
3731,Kids,Soccer,Phantom GT,L,0.0,7038.04,0.0,0.0,2025/02/13,Online,Delhi,301.9,0.0
2016,Women,Training,Metcon 7,Unknown,2.0,6110.030000000001,0.0,0.0,2024-03-15,Retail,Delhi,-263.86,0.0
3735,Kids,Basketball,LeBron 20,M,0.0,2248.14,0.0,0.0,19-09-2024,Online,Bangalore,3686.2,0.0
3738,Men,Soccer,Premier III,11,1.0,6968.08,0.02,6828.72,2025/03/30,Online,Delhi,-673.94,6.828720000000001
3739,Women,Training,SuperRep Go,11,-1.0,5050.05,0.0,0.0,2025/01/13,Online,Kolkata,3928.19,0.0
3740,Men,Basketball,Zoom Freak,Unknown,0.0,6110.030000000001,0.0,0.0,2023-09-21,Retail,Pune,2909.82,0.0
3741,Kids,Lifestyle,Air Force 1,L,2.0,8927.22,0.2,14283.55,2025/07/13,Retail,Kolkata,821.32,14.28355
3742,Women,Soccer,Tiempo Legend,Unknown,0.0,6110.030000000001,0.78,0.0,2024-06-20,Retail,Mumbai,2266.51,0.0
3743,Men,Training,Flex Trainer,M,0.0,6110.030000000001,0.2,0.0,23-08-2024,Retail,Kolkata,1370.17,0.0
3745,Men,Lifestyle,Waffle One,Unknown,0.0,6110.030000000001,0.0,0.0,2025-03-09,Online,Kolkata,552.84,0.0
3746,Kids,Lifestyle,Waffle One,M,0.0,7490.78,0.0,0.0,2024/12/06,Retail,Mumbai,2815.43,0.0
3747,Men,Lifestyle,Air Force 1,Unknown,4.0,5776.58,0.0,0.0,2025/06/08,Retail,Hyderabad,616.71,0.0
3749,Men,Basketball,Air Jordan,Unknown,0.0,6985.01,0.0,0.0,21-05-2025,Online,Kolkata,479.32,0.0
3750,Kids,Training,Metcon 7,7,-1.0,6110.030000000001,0.0,0.0,21-12-2024,Retail,Bangalore,1566.16,0.0
3752,Kids,Soccer,Mercurial Superfly,L,0.0,9021.79,0.04,0.0,2024/10/07,Retail,Kolkata,2618.72,0.0
3753,Kids,Training,ZoomX Invincible,Unknown,2.0,9315.06,1.03,-558.9,30-03-2025,Online,Hyderabad,-757.47,-0.5589
3754,Kids,Running,Free RN,L,3.0,4288.27,0.0,0.0,2024/09/29,Online,Bangalore,828.22,0.0
3755,Women,Soccer,Phantom GT,8,4.0,2342.16,0.25,7026.48,20-04-2025,Retail,Mumbai,1007.0,7.026479999999999
3756,Men,Basketball,Kyrie Flytrap,XL,0.0,6110.030000000001,0.0,0.0,2024/10/01,Retail,Hyderabad,-289.63,0.0
3757,Men,Training,Metcon 7,Unknown,0.0,6110.030000000001,0.0,0.0,2024-06-12,Retail,Hyderabad,-106.88,0.0
3758,Kids,Running,Pegasus Turbo,M,3.0,4306.67,0.0,0.0,2025-05-10,Retail,Delhi,-233.45,0.0
3759,Women,Basketball,LeBron 20,12,0.0,9605.6,0.81,0.0,03-02-2025,Online,Hyderabad,1611.59,0.0
3760,Men,Basketball,Air Jordan,7,0.0,8313.84,0.0,0.0,2025/05/29,Online,Kolkata,1735.58,0.0
3761,Women,Basketball,Zoom Freak,L,4.0,2972.38,0.14,10224.99,18-11-2024,Online,Hyderabad,2569.74,10.22499
3762,Men,Lifestyle,Air Force 1,9,1.0,2725.1,0.0,0.0,06-07-2025,Retail,Mumbai,-997.11,0.0
3763,Kids,Basketball,LeBron 20,11,0.0,6110.030000000001,0.0,0.0,2025/03/04,Retail,Hyderabad,3671.32,0.0
3764,Men,Lifestyle,Blazer Mid,10,2.0,3953.6,0.0,0.0,2024-02-22,Online,Kolkata,528.86,0.0
3765,Kids,Running,Pegasus Turbo,M,3.0,6110.030000000001,0.44,0.0,2024/09/02,Online,Hyderabad,3376.32,0.0
3767,Kids,Training,Flex Trainer,Unknown,1.0,6110.030000000001,0.2,0.0,2025/05/08,Retail,Mumbai,-102.84,0.0
3768,Men,Soccer,Tiempo Legend,XL,0.0,6110.030000000001,1.15,0.0,03-10-2024,Retail,Hyderabad,647.72,0.0
3769,Women,Running,Free RN,10,0.0,6110.030000000001,0.62,0.0,2025/03/17,Retail,Bangalore,799.21,0.0
3770,Women,Running,Free RN,M,4.0,6110.030000000001,0.36,0.0,2024-02-03,Retail,Mumbai,3784.67,0.0
3771,Kids,Basketball,Kyrie Flytrap,XL,-1.0,3388.26,0.0,0.0,2024/09/02,Retail,Delhi,2376.36,0.0
3772,Women,Soccer,Mercurial Superfly,XL,3.0,8140.47,0.0,0.0,2024/11/23,Retail,Pune,3115.97,0.0
3774,Women,Soccer,Mercurial Superfly,L,0.0,3126.57,0.0,0.0,2024/12/16,Retail,Hyderabad,66.02,0.0
3775,Women,Running,Pegasus Turbo,Unknown,0.0,6110.030000000001,0.12,0.0,2024-07-02,Online,Delhi,2865.11,0.0
3776,Men,Soccer,Tiempo Legend,L,0.0,6110.030000000001,1.22,0.0,2024-11-12,Online,Kolkata,-1034.46,0.0
3777,Men,Training,SuperRep Go,XL,-1.0,6110.030000000001,0.0,0.0,2025/06/05,Retail,Hyderabad,2781.77,0.0
3778,Kids,Lifestyle,Waffle One,11,0.0,7248.3,0.0,0.0,2025-05-06,Online,Kolkata,-672.15,0.0
3779,Women,Soccer,Tiempo Legend,M,0.0,6110.030000000001,1.08,0.0,2024-12-17,Online,Kolkata,1073.22,0.0
3781,Kids,Running,Pegasus Turbo,L,0.0,6110.030000000001,0.36,0.0,2024-02-21,Retail,Mumbai,642.3,0.0
3782,Kids,Training,ZoomX Invincible,Unknown,0.0,6110.030000000001,0.99,0.0,22-02-2025,Online,Mumbai,804.02,0.0
3784,Kids,Training,SuperRep Go,10,0.0,6110.030000000001,0.0,0.0,2025-07-07,Retail,Pune,2743.21,0.0
3786,Men,Lifestyle,Air Force 1,M,0.0,6110.030000000001,0.76,0.0,11-06-2025,Retail,Kolkata,155.59,0.0
3787,Kids,Soccer,Mercurial Superfly,Unknown,0.0,5782.29,0.0,0.0,2024-01-25,Retail,Bangalore,2660.28,0.0
3788,Kids,Soccer,Tiempo Legend,L,0.0,6110.030000000001,0.0,0.0,2025/05/18,Retail,Kolkata,-302.19,0.0
3789,Women,Lifestyle,Air Force 1,XL,2.0,2738.79,0.0,0.0,11-08-2024,Retail,Hyderabad,863.29,0.0
3790,Men,Basketball,Air Jordan,Unknown,2.0,6110.030000000001,0.0,0.0,13-07-2025,Retail,Mumbai,-70.36,0.0
3791,Kids,Basketball,Kyrie Flytrap,L,0.0,6110.030000000001,0.0,0.0,04-02-2025,Online,Hyderabad,408.02,0.0
3792,Men,Running,Free RN,L,0.0,6110.030000000001,1.23,0.0,2024/07/23,Retail,Pune,3737.69,0.0
3793,Women,Running,Pegasus Turbo,Unknown,0.0,2749.96,0.16,0.0,23-01-2025,Online,Hyderabad,-892.26,0.0
3794,Men,Training,Flex Trainer,XL,3.0,9360.87,0.0,0.0,2025/04/18,Online,Pune,125.97,0.0
3795,Men,Soccer,Phantom GT,M,4.0,6110.030000000001,1.03,0.0,20-09-2024,Retail,Hyderabad,2418.53,0.0
3796,Women,Basketball,Zoom Freak,Unknown,4.0,6165.64,0.16,20716.55,22-12-2024,Online,Delhi,2081.43,20.716549999999998
3797,Women,Training,ZoomX Invincible,L,0.0,8735.51,0.13,0.0,2025/06/25,Online,Mumbai,433.58,0.0
3798,Women,Training,SuperRep Go,L,0.0,3503.14,0.0,0.0,2025-05-24,Retail,Pune,957.97,0.0
3802,Women,Running,React Infinity,XL,0.0,2391.13,0.0,0.0,16-12-2024,Retail,Delhi,-489.64,0.0
3803,Men,Basketball,Zoom Freak,Unknown,3.0,6110.030000000001,1.07,0.0,2025-04-26,Online,Mumbai,-659.53,0.0
3805,Women,Lifestyle,Dunk Low,M,0.0,6110.030000000001,0.75,0.0,2024-08-11,Retail,Bangalore,2727.66,0.0
3806,Women,Running,Free RN,M,0.0,6110.030000000001,0.28,0.0,2024-01-03,Retail,Bangalore,416.94,0.0
3807,Kids,Lifestyle,Dunk Low,Unknown,3.0,6110.030000000001,0.0,0.0,11-05-2025,Retail,Hyderabad,-1172.36,0.0
3809,Women,Running,Air Zoom,11,-1.0,6110.030000000001,0.0,0.0,2024-02-13,Retail,Kolkata,3564.78,0.0
3811,Women,Running,React Infinity,XL,0.0,5706.6,0.0,0.0,2024-09-28,Online,Bangalore,1397.86,0.0
3812,Kids,Training,ZoomX Invincible,L,0.0,9321.19,0.0,0.0,01-11-2024,Online,Kolkata,818.49,0.0
3813,Men,Lifestyle,Waffle One,M,3.0,6110.030000000001,0.0,0.0,09-05-2025,Online,Mumbai,-921.98,0.0
3814,Kids,Lifestyle,Dunk Low,M,-1.0,9668.47,0.0,0.0,2024-12-25,Retail,Kolkata,3718.8,0.0
3815,Women,Training,Flex Trainer,9,3.0,6110.030000000001,0.0,0.0,16-04-2025,Online,Kolkata,1224.44,0.0
3817,Kids,Basketball,Kyrie Flytrap,XL,-1.0,6110.030000000001,0.61,0.0,30-10-2024,Retail,Mumbai,623.82,0.0
3819,Kids,Basketball,Zoom Freak,M,3.0,7171.03,0.0,0.0,27-05-2025,Retail,Kolkata,2723.0,0.0
3820,Men,Training,Flex Trainer,XL,0.0,6110.030000000001,0.0,0.0,2025/02/04,Retail,Mumbai,3505.71,0.0
3821,Women,Lifestyle,Air Force 1,L,-1.0,7539.55,0.0,0.0,2024/10/19,Retail,Kolkata,-17.8,0.0
3824,Kids,Running,Free RN,11,0.0,6110.030000000001,0.0,0.0,2024/11/23,Retail,Hyderabad,3501.41,0.0
3825,Kids,Basketball,LeBron 20,Unknown,0.0,6110.030000000001,0.63,0.0,2025/04/01,Retail,Kolkata,3290.66,0.0
3826,Men,Lifestyle,Waffle One,XL,0.0,6598.54,0.0,0.0,08-10-2024,Retail,Mumbai,314.9,0.0
3828,Men,Basketball,Air Jordan,XL,0.0,3208.18,0.0,0.0,2024-12-20,Retail,Hyderabad,103.08,0.0
3829,Kids,Running,Air Zoom,L,0.0,5000.96,0.0,0.0,24-06-2025,Online,Mumbai,2507.54,0.0
3830,Kids,Soccer,Phantom GT,L,2.0,3664.1,0.0,0.0,2024-09-04,Retail,Hyderabad,3188.23,0.0
3831,Men,Running,Air Zoom,L,0.0,3231.05,0.0,0.0,26-04-2025,Online,Bangalore,504.5,0.0
3832,Men,Basketball,Kyrie Flytrap,L,0.0,3928.02,0.0,0.0,2025-05-28,Retail,Kolkata,3445.25,0.0
3833,Men,Soccer,Phantom GT,Unknown,0.0,5312.88,0.0,0.0,2025-02-26,Retail,Kolkata,146.06,0.0
3834,Kids,Lifestyle,Dunk Low,XL,0.0,9190.55,1.07,0.0,2025/03/23,Retail,Delhi,3199.75,0.0
2028,Women,Running,Pegasus Turbo,8,0.0,6110.030000000001,1.02,0.0,20-02-2025,Online,Delhi,-417.11,0.0
3837,Women,Soccer,Tiempo Legend,11,0.0,7490.57,0.99,0.0,26-07-2024,Retail,Bangalore,1006.53,0.0
3838,Women,Soccer,Mercurial Superfly,XL,0.0,4262.63,0.52,0.0,05-04-2025,Retail,Delhi,373.65,0.0
3840,Men,Soccer,Phantom GT,7,0.0,6110.030000000001,0.0,0.0,2025/03/20,Retail,Pune,-313.26,0.0
3842,Men,Soccer,Tiempo Legend,M,-1.0,6110.030000000001,1.22,0.0,2024/09/14,Retail,Mumbai,3506.47,0.0
3844,Women,Training,Metcon 7,M,1.0,6110.030000000001,0.32,0.0,29-08-2024,Online,Mumbai,1073.8,0.0
3846,Women,Lifestyle,Air Force 1,6,0.0,8357.96,0.28,0.0,31-08-2024,Retail,Bangalore,-306.33,0.0
3847,Men,Basketball,Kyrie Flytrap,M,0.0,5605.99,0.0,0.0,09-10-2024,Retail,Delhi,2415.33,0.0
3848,Kids,Basketball,Air Jordan,L,0.0,9250.25,1.14,0.0,11-07-2025,Online,Bangalore,-945.78,0.0
3850,Women,Training,SuperRep Go,Unknown,1.0,6110.030000000001,0.0,0.0,2025-06-16,Retail,Delhi,142.55,0.0
3852,Men,Lifestyle,Air Force 1,Unknown,1.0,7834.8,0.0,0.0,17-10-2024,Online,Kolkata,2786.52,0.0
3855,Kids,Basketball,LeBron 20,M,0.0,7104.38,0.05,0.0,31-01-2025,Retail,Delhi,-407.89,0.0
3857,Women,Soccer,Mercurial Superfly,Unknown,0.0,8490.02,0.96,0.0,2024-09-04,Online,Kolkata,1916.37,0.0
3858,Kids,Lifestyle,Waffle One,L,2.0,6110.030000000001,0.87,0.0,2024/09/07,Online,Bangalore,-485.83,0.0
3859,Kids,Lifestyle,Blazer Mid,M,3.0,6110.030000000001,0.0,0.0,2024/11/20,Retail,Mumbai,2907.33,0.0
3860,Men,Basketball,LeBron 20,7,3.0,6110.030000000001,0.0,0.0,04-04-2025,Online,Mumbai,3441.46,0.0
3862,Kids,Lifestyle,Dunk Low,L,1.0,6110.030000000001,0.61,0.0,2023-11-17,Online,Delhi,3454.42,0.0
3863,Women,Training,Flex Trainer,XL,0.0,6358.33,0.0,0.0,2025/06/28,Retail,Hyderabad,290.35,0.0
3864,Women,Training,SuperRep Go,7,0.0,6110.030000000001,0.0,0.0,2025/05/01,Retail,Delhi,2972.96,0.0
3866,Women,Basketball,LeBron 20,Unknown,3.0,6110.030000000001,0.64,0.0,2025/02/14,Retail,Kolkata,2985.34,0.0
3867,Kids,Lifestyle,Waffle One,XL,0.0,6110.030000000001,0.0,0.0,2024/10/04,Online,Bangalore,3405.94,0.0
3868,Women,Running,Free RN,11,0.0,3554.76,0.51,0.0,2025-04-27,Online,Bangalore,-593.5,0.0
3870,Women,Training,ZoomX Invincible,M,0.0,6944.2,0.0,0.0,2025/05/17,Online,Hyderabad,764.21,0.0
3871,Women,Training,SuperRep Go,XL,3.0,6110.030000000001,0.0,0.0,17-09-2024,Retail,Delhi,1773.99,0.0
3874,Women,Basketball,LeBron 20,XL,4.0,3305.6,0.7,3966.72,27-08-2024,Online,Kolkata,1605.13,3.9667199999999996
3876,Men,Soccer,Phantom GT,XL,-1.0,4310.9,0.0,0.0,2024/12/24,Retail,Hyderabad,3835.88,0.0
3877,Men,Training,SuperRep Go,Unknown,0.0,6110.030000000001,0.0,0.0,18-03-2025,Online,Delhi,2594.37,0.0
3878,Men,Running,Air Zoom,XL,0.0,3224.56,0.0,0.0,2024/08/13,Retail,Kolkata,2178.22,0.0
3880,Kids,Soccer,Premier III,Unknown,0.0,6110.030000000001,1.1,0.0,25-02-2025,Online,Mumbai,-185.41,0.0
3883,Kids,Soccer,Premier III,M,0.0,8737.43,0.0,0.0,2025/05/10,Retail,Delhi,-1174.75,0.0
2012,Men,Basketball,Air Jordan,XL,0.0,6110.030000000001,0.0,0.0,2025/03/30,Retail,Bangalore,-685.96,0.0
3885,Men,Training,Metcon 7,XL,2.0,6110.030000000001,0.0,0.0,2024/11/10,Online,Bangalore,-512.97,0.0
3886,Kids,Basketball,Kyrie Flytrap,8,0.0,4967.69,0.0,0.0,2025-01-16,Retail,Delhi,-136.16,0.0
3887,Women,Basketball,Zoom Freak,10,4.0,6110.030000000001,0.0,0.0,07-06-2025,Online,Mumbai,3824.51,0.0
3888,Kids,Training,ZoomX Invincible,Unknown,0.0,3737.67,0.0,0.0,2024-12-30,Online,Mumbai,-341.37,0.0
3889,Kids,Soccer,Phantom GT,Unknown,0.0,8925.29,0.05,0.0,24-07-2024,Online,Kolkata,-407.63,0.0
3890,Women,Training,ZoomX Invincible,XL,0.0,4392.78,0.0,0.0,2025-01-10,Online,Delhi,676.44,0.0
3891,Men,Training,ZoomX Invincible,L,0.0,9453.17,0.0,0.0,2025-02-13,Retail,Bangalore,3832.99,0.0
3893,Men,Basketball,Air Jordan,Unknown,0.0,6110.030000000001,1.22,0.0,2025-07-13,Retail,Delhi,2784.1,0.0
3894,Women,Soccer,Premier III,11,-1.0,5255.98,1.03,157.68,2024-06-08,Online,Pune,-1067.96,0.15768000000000001
3895,Men,Soccer,Tiempo Legend,XL,-1.0,6110.030000000001,0.0,0.0,2025/02/15,Online,Hyderabad,366.35,0.0
3898,Men,Basketball,LeBron 20,L,1.0,6110.030000000001,0.07,0.0,2025/02/27,Retail,Hyderabad,1353.92,0.0
3900,Men,Basketball,Zoom Freak,M,3.0,9599.44,0.0,0.0,01-11-2024,Retail,Delhi,-553.3,0.0
3901,Men,Running,Air Zoom,XL,0.0,6110.030000000001,0.12,0.0,30-04-2025,Retail,Mumbai,1461.25,0.0
3902,Men,Running,Pegasus Turbo,XL,0.0,6110.030000000001,0.85,0.0,02-01-2025,Online,Kolkata,3175.54,0.0
3904,Kids,Soccer,Phantom GT,L,2.0,7775.87,0.0,0.0,2025-05-28,Retail,Bangalore,1143.11,0.0
3905,Women,Soccer,Tiempo Legend,7,0.0,6110.030000000001,0.0,0.0,10-12-2024,Retail,Kolkata,3926.59,0.0
3906,Men,Lifestyle,Dunk Low,XL,4.0,7588.77,0.14,26105.37,2024/09/04,Online,Hyderabad,3435.73,26.10537
3908,Women,Running,Free RN,Unknown,0.0,3253.63,0.0,0.0,18-03-2025,Retail,Kolkata,389.71,0.0
3910,Men,Basketball,Zoom Freak,XL,0.0,2913.15,0.0,0.0,13-03-2025,Online,Pune,1834.09,0.0
3911,Men,Soccer,Premier III,M,1.0,5598.98,0.0,0.0,2025/05/07,Retail,Mumbai,3070.67,0.0
3912,Kids,Basketball,LeBron 20,L,-1.0,6977.03,0.0,0.0,31-05-2025,Online,Pune,-670.41,0.0
3913,Kids,Training,ZoomX Invincible,XL,1.0,5255.09,0.0,0.0,2024-06-12,Retail,Delhi,2941.84,0.0
3914,Kids,Soccer,Tiempo Legend,XL,2.0,6110.030000000001,0.0,0.0,2024/10/29,Retail,Delhi,1253.02,0.0
3915,Men,Running,Free RN,M,2.0,7962.36,0.0,0.0,12-03-2025,Online,Pune,3067.47,0.0
3917,Women,Running,React Infinity,L,0.0,4726.33,0.0,0.0,2024-10-02,Online,Pune,3551.31,0.0
2032,Kids,Lifestyle,Waffle One,6,-1.0,6110.030000000001,0.0,0.0,2025/03/08,Retail,Bangalore,2281.5,0.0
3920,Women,Running,Air Zoom,L,0.0,5540.68,0.0,0.0,2025-06-09,Online,Pune,1252.12,0.0
3921,Kids,Lifestyle,Blazer Mid,L,0.0,6110.030000000001,0.0,0.0,2025/05/23,Retail,Hyderabad,3939.3,0.0
3923,Men,Basketball,LeBron 20,XL,0.0,2187.01,0.0,0.0,21-01-2025,Online,Kolkata,-197.46,0.0
3924,Women,Running,Pegasus Turbo,L,0.0,4809.5,0.0,0.0,2024-03-26,Online,Kolkata,3090.67,0.0
3925,Kids,Basketball,LeBron 20,M,2.0,6110.030000000001,0.23,0.0,19-04-2025,Retail,Hyderabad,36.04,0.0
3926,Men,Lifestyle,Dunk Low,XL,2.0,4791.86,0.0,0.0,2024-11-08,Online,Mumbai,2972.86,0.0
3927,Women,Soccer,Premier III,L,0.0,6110.030000000001,0.0,0.0,2025/04/10,Retail,Bangalore,999.67,0.0
3929,Kids,Running,Free RN,Unknown,1.0,4199.97,0.9,420.0,14-05-2025,Retail,Mumbai,-861.44,0.42
3930,Men,Soccer,Phantom GT,7,0.0,3606.77,0.0,0.0,2025/02/08,Retail,Mumbai,3624.68,0.0
3932,Kids,Training,SuperRep Go,L,4.0,4520.97,0.54,8318.58,2025/06/10,Retail,Bangalore,1289.36,8.31858
3933,Men,Training,SuperRep Go,XL,4.0,6110.030000000001,0.0,0.0,2025-01-25,Online,Pune,1348.54,0.0
3935,Women,Running,React Infinity,M,0.0,6110.030000000001,0.0,0.0,2025/07/22,Retail,Pune,-833.94,0.0
3936,Kids,Lifestyle,Blazer Mid,M,3.0,3544.33,0.0,0.0,2023-07-28,Retail,Pune,1983.5,0.0
3937,Women,Running,React Infinity,M,0.0,9550.19,0.0,0.0,07-12-2024,Online,Hyderabad,-638.36,0.0
3939,Women,Training,ZoomX Invincible,M,0.0,6110.030000000001,0.0,0.0,2025/01/22,Online,Bangalore,2219.59,0.0
3940,Kids,Running,React Infinity,11,0.0,6110.030000000001,0.0,0.0,2024-12-30,Online,Hyderabad,491.15,0.0
3942,Men,Lifestyle,Blazer Mid,M,1.0,3283.25,0.0,0.0,2024-04-27,Online,Delhi,-938.81,0.0
3944,Men,Training,Metcon 7,Unknown,0.0,6110.030000000001,0.04,0.0,2024/10/12,Online,Bangalore,-151.58,0.0
2002,Kids,Soccer,Phantom GT,XL,0.0,6110.030000000001,0.0,0.0,2025-05-16,Online,Delhi,-789.24,0.0
3946,Men,Training,SuperRep Go,Unknown,-1.0,6110.030000000001,0.0,0.0,2024-08-23,Retail,Kolkata,3250.78,0.0
3947,Men,Training,SuperRep Go,Unknown,2.0,6110.030000000001,0.0,0.0,2024/07/29,Retail,Kolkata,3354.76,0.0
2003,Women,Lifestyle,Waffle One,Unknown,0.0,7203.25,0.0,0.0,2025-03-03,Online,Kolkata,-23.38,0.0
3950,Kids,Running,React Infinity,XL,0.0,3474.66,0.0,0.0,02-07-2025,Online,Kolkata,474.81,0.0
3951,Women,Soccer,Mercurial Superfly,Unknown,0.0,6110.030000000001,0.0,0.0,31-12-2024,Online,Delhi,1982.85,0.0
3952,Women,Soccer,Mercurial Superfly,12,0.0,6110.030000000001,0.83,0.0,29-06-2025,Online,Mumbai,3142.6,0.0
3953,Women,Basketball,Air Jordan,XL,0.0,6110.030000000001,0.0,0.0,14-01-2025,Retail,Delhi,2004.93,0.0
2042,Kids,Soccer,Tiempo Legend,L,4.0,8290.97,0.0,0.0,30-12-2024,Online,Delhi,-84.8,0.0
3955,Kids,Training,SuperRep Go,XL,3.0,6110.030000000001,0.0,0.0,16-01-2025,Retail,Pune,1798.76,0.0
3956,Women,Lifestyle,Air Force 1,Unknown,2.0,6110.030000000001,0.0,0.0,06-03-2025,Online,Hyderabad,2842.28,0.0
3957,Men,Lifestyle,Waffle One,XL,0.0,2113.01,1.14,0.0,26-06-2025,Online,Hyderabad,2404.92,0.0
3958,Women,Lifestyle,Dunk Low,Unknown,4.0,8614.93,0.0,0.0,2024-03-23,Retail,Kolkata,-312.44,0.0
3959,Kids,Lifestyle,Dunk Low,M,4.0,6091.98,0.0,0.0,12-01-2025,Retail,Mumbai,2494.96,0.0
3960,Women,Lifestyle,Dunk Low,9,0.0,2451.47,0.0,0.0,2025/06/22,Retail,Mumbai,1850.9,0.0
3961,Kids,Lifestyle,Waffle One,Unknown,0.0,3369.14,0.0,0.0,2025/03/28,Online,Hyderabad,3888.52,0.0
2041,Kids,Soccer,Tiempo Legend,M,-1.0,4414.63,0.0,0.0,2025-02-27,Online,Bangalore,1709.18,0.0
3964,Women,Training,ZoomX Invincible,XL,-1.0,6110.030000000001,0.0,0.0,2025/01/03,Retail,Kolkata,117.6,0.0
3968,Kids,Lifestyle,Waffle One,M,0.0,8141.77,0.0,0.0,05-12-2024,Retail,Bangalore,774.01,0.0
3969,Women,Lifestyle,Waffle One,XL,0.0,7922.86,0.0,0.0,2023-08-04,Retail,Mumbai,3753.92,0.0
3970,Men,Soccer,Phantom GT,L,0.0,9990.8,0.0,0.0,2025-06-29,Retail,Kolkata,3351.31,0.0
3971,Kids,Training,Metcon 7,6,0.0,6110.030000000001,0.95,0.0,11-02-2025,Retail,Bangalore,3840.73,0.0
3972,Men,Running,Pegasus Turbo,XL,1.0,6110.030000000001,0.0,0.0,2024/12/20,Retail,Bangalore,1990.32,0.0
3974,Men,Lifestyle,Dunk Low,L,4.0,6110.030000000001,0.0,0.0,2024-03-22,Retail,Delhi,97.6,0.0
3975,Women,Soccer,Tiempo Legend,M,3.0,6110.030000000001,0.0,0.0,22-03-2025,Retail,Mumbai,1293.38,0.0
3976,Men,Training,SuperRep Go,L,4.0,7534.51,1.05,-1506.9,12-12-2024,Retail,Delhi,778.13,-1.5069000000000001
3977,Men,Soccer,Mercurial Superfly,L,0.0,7483.74,0.21,0.0,2025/05/11,Online,Delhi,2545.49,0.0
3978,Women,Training,Flex Trainer,Unknown,2.0,9847.52,0.0,0.0,2024-09-11,Retail,Delhi,754.75,0.0
3979,Men,Training,ZoomX Invincible,M,3.0,6110.030000000001,0.5,0.0,11-06-2025,Online,Pune,896.9,0.0
3980,Men,Training,SuperRep Go,10,0.0,6110.030000000001,0.0,0.0,2025/07/07,Retail,Hyderabad,-223.3,0.0
3981,Men,Soccer,Premier III,L,0.0,4007.55,1.02,0.0,2023-12-21,Online,Delhi,90.51,0.0
3982,Men,Basketball,Zoom Freak,L,0.0,8006.71,0.0,0.0,2024/10/16,Online,Bangalore,1486.86,0.0
2048,Kids,Basketball,Air Jordan,XL,2.0,8918.66,1.19,-3389.09,2024-02-14,Retail,Delhi,1889.03,-3.38909
3986,Kids,Running,Air Zoom,L,1.0,6110.030000000001,0.0,0.0,2024/11/10,Retail,Mumbai,681.84,0.0
3987,Kids,Basketball,Zoom Freak,L,2.0,6110.030000000001,0.0,0.0,2024/08/18,Retail,Hyderabad,3908.61,0.0
3988,Kids,Lifestyle,Blazer Mid,M,4.0,7945.46,0.67,10488.01,10-10-2024,Online,Pune,3698.62,10.488010000000001
3989,Men,Training,Metcon 7,L,-1.0,6110.030000000001,0.0,0.0,2024/10/20,Online,Bangalore,1005.26,0.0
3991,Men,Training,ZoomX Invincible,Unknown,0.0,6110.030000000001,0.1,0.0,19-07-2025,Online,Bangalore,97.51,0.0
3992,Men,Lifestyle,Dunk Low,XL,-1.0,4431.62,0.0,0.0,2025/01/13,Online,Pune,-907.76,0.0
3993,Kids,Lifestyle,Blazer Mid,7,-1.0,6110.030000000001,0.0,0.0,25-04-2025,Retail,Hyderabad,1060.98,0.0
3994,Kids,Basketball,Air Jordan,Unknown,4.0,6110.030000000001,0.0,0.0,2025-04-12,Retail,Bangalore,-97.39,0.0
3997,Women,Lifestyle,Waffle One,M,4.0,6110.030000000001,0.0,0.0,2024-01-24,Retail,Hyderabad,-484.62,0.0
3999,Kids,Lifestyle,Blazer Mid,7,0.0,6110.030000000001,0.27,0.0,16-09-2024,Online,Kolkata,1484.61,0.0
4000,Women,Basketball,Air Jordan,M,-1.0,6110.030000000001,0.11,0.0,2025/01/09,Retail,Kolkata,309.79,0.0
4002,Kids,Soccer,Mercurial Superfly,M,0.0,6056.88,0.0,0.0,03-11-2024,Retail,Mumbai,2114.03,0.0
4003,Men,Lifestyle,Air Force 1,L,0.0,7165.28,1.17,0.0,03-02-2025,Retail,Mumbai,839.48,0.0
4004,Men,Basketball,Air Jordan,XL,0.0,6110.030000000001,0.06,0.0,14-04-2025,Retail,Delhi,-748.58,0.0
4005,Kids,Training,Metcon 7,M,0.0,3730.58,0.0,0.0,2024-11-30,Online,Delhi,1784.38,0.0
4007,Kids,Soccer,Premier III,XL,0.0,6110.030000000001,0.0,0.0,10-01-2025,Retail,Pune,1746.06,0.0
4008,Men,Basketball,LeBron 20,9,3.0,7737.27,0.07,21586.98,2023-12-15,Retail,Hyderabad,180.31,21.58698
4009,Kids,Basketball,Zoom Freak,M,0.0,6110.030000000001,0.0,0.0,2024-03-30,Retail,Mumbai,-737.91,0.0
2046,Men,Training,ZoomX Invincible,M,-1.0,5091.2,0.0,0.0,10-07-2025,Retail,Pune,1544.79,0.0
4011,Women,Running,Air Zoom,M,4.0,4909.56,0.0,0.0,2025-07-04,Retail,Bangalore,2934.53,0.0
4012,Men,Basketball,Zoom Freak,Unknown,0.0,5879.06,0.47,0.0,28-05-2025,Retail,Hyderabad,2129.44,0.0
4013,Women,Basketball,LeBron 20,10,2.0,3794.99,0.0,0.0,2025/07/04,Online,Hyderabad,1398.9,0.0
4014,Kids,Running,Air Zoom,L,0.0,6110.030000000001,0.0,0.0,2024/08/04,Retail,Hyderabad,563.6,0.0
4015,Men,Lifestyle,Air Force 1,L,4.0,5505.76,0.0,0.0,2025/07/05,Online,Bangalore,1194.93,0.0
2021,Kids,Lifestyle,Waffle One,XL,0.0,4561.67,0.0,0.0,2024-02-13,Online,Pune,1720.61,0.0
4017,Kids,Training,Metcon 7,XL,0.0,9229.7,0.0,0.0,20-03-2025,Online,Mumbai,1178.1,0.0
4019,Women,Soccer,Tiempo Legend,10,-1.0,6110.030000000001,0.66,0.0,2024-10-27,Online,Bangalore,171.8,0.0
4022,Kids,Training,Metcon 7,L,0.0,6110.030000000001,0.0,0.0,2024/12/21,Online,Bangalore,2380.63,0.0
4023,Women,Running,Free RN,XL,0.0,2376.12,0.76,0.0,2024-11-28,Online,Hyderabad,1267.41,0.0
4024,Men,Training,Metcon 7,M,0.0,6110.030000000001,0.0,0.0,29-08-2024,Retail,Bangalore,-738.85,0.0
4025,Women,Basketball,Kyrie Flytrap,L,0.0,2265.37,0.0,0.0,2024-06-25,Retail,Kolkata,2946.35,0.0
4026,Men,Basketball,Zoom Freak,XL,0.0,3731.78,1.12,0.0,17-02-2025,Online,Hyderabad,-885.09,0.0
4028,Women,Running,Pegasus Turbo,9,3.0,6110.030000000001,1.06,0.0,12-01-2025,Retail,Delhi,2568.4,0.0
4029,Kids,Training,Flex Trainer,XL,0.0,6110.030000000001,0.0,0.0,2025/06/29,Retail,Bangalore,3231.16,0.0
4030,Men,Lifestyle,Waffle One,L,0.0,6110.030000000001,0.0,0.0,2025-04-28,Online,Kolkata,1865.56,0.0
2020,Men,Running,Air Zoom,12,2.0,5614.96,0.0,0.0,2025/03/05,Online,Kolkata,671.98,0.0
4035,Women,Training,ZoomX Invincible,L,0.0,6110.030000000001,0.87,0.0,11-01-2025,Retail,Delhi,2738.44,0.0
4037,Women,Basketball,LeBron 20,XL,0.0,6110.030000000001,0.74,0.0,2023-08-08,Retail,Delhi,776.81,0.0
4038,Kids,Running,Pegasus Turbo,Unknown,0.0,5349.1,0.0,0.0,2025/03/04,Retail,Pune,1724.16,0.0
4039,Women,Lifestyle,Air Force 1,L,0.0,5103.01,0.0,0.0,06-12-2024,Online,Delhi,-134.82,0.0
2041,Men,Training,Metcon 7,12,0.0,6110.030000000001,0.35,0.0,2025/07/05,Online,Hyderabad,1727.5,0.0
4041,Men,Running,Pegasus Turbo,Unknown,2.0,6110.030000000001,0.0,0.0,2024/09/09,Online,Mumbai,3221.72,0.0
4043,Kids,Running,Air Zoom,Unknown,4.0,5235.22,0.51,10261.03,28-05-2025,Online,Hyderabad,3321.49,10.26103
4044,Women,Training,Flex Trainer,Unknown,0.0,6687.28,0.0,0.0,2024/08/07,Online,Pune,2636.12,0.0
2003,Women,Soccer,Premier III,L,0.0,6110.030000000001,0.56,0.0,2024/08/03,Online,Kolkata,2353.41,0.0
4046,Women,Running,React Infinity,L,0.0,5140.99,0.0,0.0,20-02-2025,Online,Pune,999.97,0.0
4050,Women,Running,Pegasus Turbo,XL,0.0,3750.77,0.0,0.0,2025/02/27,Online,Bangalore,-171.08,0.0
4051,Kids,Training,Metcon 7,Unknown,0.0,7986.76,0.0,0.0,2024/10/11,Online,Hyderabad,944.54,0.0
4052,Kids,Training,Flex Trainer,L,0.0,6952.66,0.0,0.0,2025/01/19,Online,Hyderabad,1624.3,0.0
4053,Women,Soccer,Phantom GT,6,2.0,6110.030000000001,0.0,0.0,02-03-2025,Retail,Pune,21.13,0.0
4054,Women,Lifestyle,Waffle One,Unknown,0.0,3394.38,0.75,0.0,2024-05-09,Online,Mumbai,-401.5,0.0
4056,Kids,Running,Air Zoom,8,0.0,6110.030000000001,0.0,0.0,2024/12/13,Retail,Hyderabad,3732.77,0.0
4057,Kids,Basketball,Kyrie Flytrap,M,0.0,6110.030000000001,0.0,0.0,2023-09-22,Retail,Delhi,2575.38,0.0
4058,Kids,Basketball,Kyrie Flytrap,L,0.0,6110.030000000001,0.34,0.0,13-11-2024,Online,Delhi,153.9,0.0
4059,Kids,Basketball,Air Jordan,L,1.0,9700.41,1.24,-2328.1,03-02-2025,Retail,Delhi,1000.57,-2.3281
4060,Women,Soccer,Tiempo Legend,L,-1.0,8655.46,0.9,-865.55,20-08-2024,Online,Pune,3159.11,-0.8655499999999999
4062,Men,Basketball,Zoom Freak,M,0.0,6110.030000000001,0.48,0.0,17-05-2025,Online,Mumbai,505.51,0.0
4064,Men,Basketball,Air Jordan,L,4.0,6110.030000000001,0.38,0.0,2024/09/24,Retail,Hyderabad,587.63,0.0
4065,Women,Basketball,LeBron 20,XL,0.0,7881.81,0.0,0.0,2024/12/08,Online,Pune,1067.59,0.0
4066,Kids,Running,React Infinity,L,4.0,6599.26,0.85,3959.56,29-06-2025,Retail,Bangalore,3344.47,3.9595599999999997
4067,Men,Soccer,Mercurial Superfly,M,4.0,7408.31,0.0,0.0,17-05-2025,Online,Bangalore,1974.4,0.0
2030,Women,Soccer,Premier III,L,0.0,9804.64,0.71,0.0,2025-02-08,Online,Bangalore,635.57,0.0
4070,Kids,Basketball,Air Jordan,L,0.0,6966.16,0.24,0.0,23-10-2024,Retail,Pune,2671.6,0.0
4072,Men,Soccer,Premier III,Unknown,0.0,6110.030000000001,0.0,0.0,20-05-2025,Online,Pune,3542.88,0.0
4073,Kids,Training,Flex Trainer,M,2.0,5732.59,0.0,0.0,2024/11/30,Online,Kolkata,3353.3,0.0
4074,Kids,Basketball,LeBron 20,L,0.0,8673.78,0.0,0.0,2024-03-28,Retail,Mumbai,-286.0,0.0
4075,Kids,Running,Free RN,XL,-1.0,6110.030000000001,0.0,0.0,2025/05/30,Online,Delhi,2484.0,0.0
4076,Kids,Basketball,LeBron 20,Unknown,0.0,6110.030000000001,0.33,0.0,2025/04/03,Online,Kolkata,925.71,0.0
4078,Women,Lifestyle,Air Force 1,9,0.0,6110.030000000001,0.56,0.0,01-01-2025,Online,Mumbai,2742.28,0.0
4079,Kids,Lifestyle,Waffle One,XL,0.0,6110.030000000001,1.03,0.0,2024/11/21,Retail,Delhi,2083.6,0.0
4080,Kids,Training,Flex Trainer,Unknown,0.0,8515.92,0.0,0.0,2024-11-27,Retail,Hyderabad,255.47,0.0
4082,Kids,Soccer,Mercurial Superfly,M,0.0,8233.64,0.0,0.0,2025/04/07,Retail,Bangalore,3007.26,0.0
4083,Men,Training,Flex Trainer,L,0.0,8711.81,0.0,0.0,2025-03-29,Online,Bangalore,-773.05,0.0
4085,Men,Lifestyle,Dunk Low,L,4.0,6110.030000000001,1.19,0.0,21-01-2025,Online,Bangalore,1897.69,0.0
4086,Women,Running,Air Zoom,XL,3.0,4537.02,0.0,0.0,2025-04-03,Online,Pune,-195.0,0.0
4087,Men,Basketball,LeBron 20,Unknown,0.0,6110.030000000001,1.09,0.0,2024-03-13,Retail,Hyderabad,3939.54,0.0
4088,Men,Training,Flex Trainer,M,2.0,5649.73,0.41,6666.68,16-03-2025,Retail,Mumbai,1548.1,6.66668
4089,Women,Running,React Infinity,Unknown,0.0,6110.030000000001,0.0,0.0,15-02-2025,Online,Bangalore,2854.02,0.0
4090,Men,Lifestyle,Air Force 1,L,0.0,5109.51,0.0,0.0,2025/06/26,Retail,Delhi,-1164.28,0.0
4092,Women,Lifestyle,Air Force 1,XL,-1.0,9861.8,0.0,0.0,2024/10/23,Online,Delhi,48.02,0.0
4094,Kids,Soccer,Tiempo Legend,9,0.0,4094.79,0.0,0.0,18-05-2025,Online,Hyderabad,2779.39,0.0
4096,Women,Soccer,Phantom GT,8,0.0,6110.030000000001,0.0,0.0,2024-04-03,Online,Pune,3865.04,0.0
4097,Men,Basketball,Kyrie Flytrap,XL,0.0,3443.1,0.0,0.0,17-09-2024,Retail,Hyderabad,1928.88,0.0
4098,Men,Lifestyle,Waffle One,L,0.0,6110.030000000001,0.0,0.0,2024/09/11,Retail,Bangalore,2371.45,0.0
4099,Women,Soccer,Tiempo Legend,Unknown,0.0,8864.29,0.0,0.0,2025/03/15,Online,Pune,3616.91,0.0
4100,Men,Running,Pegasus Turbo,L,0.0,3315.29,0.0,0.0,2024-03-19,Online,Delhi,1507.71,0.0
4101,Men,Soccer,Mercurial Superfly,Unknown,0.0,6110.030000000001,0.0,0.0,2024-07-10,Retail,Delhi,3064.92,0.0
4102,Men,Basketball,LeBron 20,Unknown,-1.0,6110.030000000001,0.0,0.0,20-06-2025,Retail,Mumbai,1310.35,0.0
4104,Kids,Basketball,Zoom Freak,11,2.0,6110.030000000001,0.0,0.0,16-07-2025,Online,Bangalore,3999.21,0.0
4105,Men,Running,Pegasus Turbo,XL,0.0,3489.95,0.0,0.0,2024-05-25,Retail,Bangalore,2093.87,0.0
4107,Kids,Running,React Infinity,L,2.0,6110.030000000001,0.0,0.0,2025/04/27,Retail,Hyderabad,779.19,0.0
4108,Kids,Running,Pegasus Turbo,L,2.0,2767.55,0.19,4483.43,2023-11-25,Online,Kolkata,1059.07,4.48343
4109,Kids,Training,SuperRep Go,12,0.0,9731.83,0.0,0.0,2024/11/29,Online,Mumbai,-675.88,0.0
4110,Men,Training,Metcon 7,M,2.0,6110.030000000001,0.41,0.0,2024/08/26,Retail,Hyderabad,3387.91,0.0
4111,Women,Lifestyle,Waffle One,L,-1.0,4934.05,0.83,-838.79,26-11-2024,Retail,Bangalore,2377.84,-0.8387899999999999
4112,Women,Running,React Infinity,L,-1.0,6254.85,0.0,0.0,2025/04/22,Online,Delhi,2093.68,0.0
4113,Kids,Basketball,Zoom Freak,L,2.0,6435.66,1.05,-643.57,12-05-2025,Online,Bangalore,3372.49,-0.6435700000000001
4114,Kids,Training,Metcon 7,XL,4.0,4307.83,0.0,0.0,2025/07/13,Retail,Bangalore,-233.59,0.0
4115,Men,Basketball,Air Jordan,M,0.0,4613.79,0.0,0.0,14-05-2025,Retail,Delhi,-758.5,0.0
4116,Women,Lifestyle,Air Force 1,9,0.0,3854.22,0.0,0.0,2024-08-19,Online,Pune,-43.41,0.0
4117,Women,Basketball,Zoom Freak,M,0.0,9501.67,0.51,0.0,2024/10/03,Online,Hyderabad,266.4,0.0
4118,Kids,Basketball,LeBron 20,XL,4.0,5355.64,0.0,0.0,21-05-2025,Retail,Mumbai,-538.94,0.0
4119,Kids,Training,ZoomX Invincible,M,0.0,8849.62,0.69,0.0,25-08-2024,Online,Mumbai,1451.15,0.0
4121,Kids,Training,ZoomX Invincible,6,0.0,2763.46,1.0,0.0,07-11-2024,Retail,Bangalore,-399.33,0.0
4122,Kids,Lifestyle,Dunk Low,11,1.0,6110.030000000001,0.0,0.0,2025/06/18,Retail,Mumbai,-261.43,0.0
4124,Kids,Basketball,LeBron 20,M,1.0,6110.030000000001,0.0,0.0,2023-10-16,Online,Delhi,477.62,0.0
4126,Women,Training,SuperRep Go,10,0.0,6110.030000000001,0.0,0.0,20-07-2025,Retail,Delhi,1345.61,0.0
4127,Women,Running,Free RN,L,-1.0,4690.15,0.49,-2391.98,2024-12-21,Online,Kolkata,1331.92,-2.39198
4129,Men,Running,Pegasus Turbo,Unknown,0.0,3445.62,0.24,0.0,2025-03-02,Retail,Kolkata,-29.1,0.0
4131,Women,Running,React Infinity,L,0.0,2081.15,0.9,0.0,16-11-2024,Online,Bangalore,3544.31,0.0
4132,Women,Lifestyle,Dunk Low,XL,0.0,5087.72,0.07,0.0,2024/08/08,Online,Hyderabad,-921.97,0.0
4133,Men,Basketball,Air Jordan,L,3.0,4105.06,0.0,0.0,09-11-2024,Online,Mumbai,1015.38,0.0
4135,Men,Training,SuperRep Go,Unknown,2.0,3860.5,0.0,0.0,14-10-2024,Retail,Delhi,1756.3,0.0
4136,Kids,Lifestyle,Air Force 1,6,0.0,6110.030000000001,0.0,0.0,16-11-2024,Online,Delhi,-105.03,0.0
4137,Women,Basketball,LeBron 20,Unknown,0.0,2310.45,0.0,0.0,02-01-2025,Retail,Hyderabad,2244.75,0.0
4138,Kids,Running,Free RN,Unknown,0.0,6110.030000000001,1.13,0.0,13-07-2025,Retail,Pune,3938.78,0.0
4139,Women,Training,Flex Trainer,Unknown,0.0,6465.53,0.0,0.0,31-12-2024,Online,Kolkata,-279.09,0.0
4140,Women,Running,Air Zoom,XL,-1.0,6110.030000000001,0.0,0.0,2025-04-28,Online,Bangalore,3381.94,0.0
4141,Men,Training,ZoomX Invincible,7,0.0,2406.03,0.0,0.0,2024/12/21,Online,Bangalore,1504.9,0.0
4143,Women,Running,React Infinity,Unknown,0.0,6110.030000000001,0.0,0.0,2025/03/26,Retail,Delhi,3876.35,0.0
4146,Kids,Lifestyle,Blazer Mid,10,0.0,6110.030000000001,0.0,0.0,2023-08-27,Online,Mumbai,1217.01,0.0
4147,Men,Basketball,Zoom Freak,L,1.0,7659.09,0.0,0.0,2024/11/26,Online,Delhi,106.35,0.0
4148,Kids,Soccer,Phantom GT,7,3.0,5943.25,0.0,0.0,18-07-2025,Retail,Pune,-900.4,0.0
4149,Women,Training,SuperRep Go,10,4.0,5716.52,0.0,0.0,2024/09/14,Retail,Pune,274.76,0.0
4150,Men,Basketball,Zoom Freak,11,0.0,6110.030000000001,0.81,0.0,2024/12/17,Retail,Pune,3076.73,0.0
4151,Kids,Training,Metcon 7,M,0.0,7282.99,0.05,0.0,2024/10/10,Retail,Kolkata,871.53,0.0
4152,Men,Basketball,Kyrie Flytrap,XL,1.0,6110.030000000001,0.0,0.0,2024/08/07,Online,Mumbai,1011.99,0.0
4153,Women,Running,Pegasus Turbo,Unknown,2.0,6110.030000000001,0.0,0.0,2025/02/13,Retail,Kolkata,2255.74,0.0
4156,Men,Running,React Infinity,M,0.0,7417.67,0.0,0.0,2024-05-20,Online,Mumbai,203.96,0.0
4157,Men,Basketball,Zoom Freak,XL,3.0,6110.030000000001,0.0,0.0,2025-07-09,Retail,Delhi,-699.76,0.0
4158,Women,Lifestyle,Blazer Mid,L,0.0,6110.030000000001,0.0,0.0,18-08-2024,Online,Hyderabad,3155.41,0.0
4161,Men,Running,Air Zoom,L,0.0,6110.030000000001,0.4,0.0,2025/04/16,Online,Kolkata,1864.83,0.0
4163,Men,Training,SuperRep Go,L,0.0,6110.030000000001,0.0,0.0,2024-09-12,Retail,Hyderabad,1942.39,0.0
4164,Men,Soccer,Tiempo Legend,XL,0.0,2196.67,0.0,0.0,2025/07/21,Online,Bangalore,-1088.9,0.0
4165,Women,Training,SuperRep Go,XL,1.0,6110.030000000001,0.26,0.0,2024-11-20,Online,Bangalore,2194.38,0.0
4166,Women,Soccer,Phantom GT,8,0.0,6110.030000000001,0.0,0.0,05-03-2025,Online,Delhi,-512.77,0.0
4168,Kids,Running,Free RN,10,4.0,6110.030000000001,0.0,0.0,2024-06-09,Retail,Mumbai,3282.84,0.0
4170,Men,Lifestyle,Blazer Mid,XL,0.0,3297.7,1.05,0.0,15-08-2024,Online,Bangalore,1678.19,0.0
4171,Men,Running,React Infinity,M,0.0,9303.8,0.0,0.0,2024-12-21,Retail,Delhi,-1107.26,0.0
4172,Women,Soccer,Mercurial Superfly,L,1.0,6110.030000000001,0.0,0.0,21-01-2025,Retail,Bangalore,155.61,0.0
4174,Women,Soccer,Tiempo Legend,XL,0.0,6110.030000000001,0.0,0.0,08-03-2025,Retail,Kolkata,-869.37,0.0
4176,Women,Training,ZoomX Invincible,M,1.0,6110.030000000001,0.0,0.0,2023-09-02,Retail,Hyderabad,2254.67,0.0
4178,Men,Basketball,Air Jordan,L,0.0,6110.030000000001,0.0,0.0,2024/08/26,Retail,Hyderabad,302.75,0.0
4179,Women,Running,React Infinity,XL,0.0,6633.14,0.0,0.0,01-06-2025,Retail,Mumbai,1048.63,0.0
4180,Men,Running,Pegasus Turbo,M,0.0,6110.030000000001,0.0,0.0,2025/06/04,Retail,Kolkata,500.23,0.0
4181,Women,Running,Free RN,M,3.0,6110.030000000001,0.0,0.0,2025-04-05,Retail,Delhi,-564.63,0.0
4182,Men,Lifestyle,Dunk Low,XL,1.0,9335.57,0.0,0.0,02-12-2024,Retail,Mumbai,1135.38,0.0
4183,Men,Lifestyle,Air Force 1,11,2.0,8647.63,0.0,0.0,23-03-2025,Retail,Pune,-443.83,0.0
4185,Women,Training,ZoomX Invincible,6,3.0,6110.030000000001,0.0,0.0,2025-02-01,Online,Hyderabad,2562.05,0.0
4186,Men,Basketball,LeBron 20,XL,0.0,9872.08,0.17,0.0,2025-03-10,Online,Bangalore,409.77,0.0
2050,Kids,Soccer,Tiempo Legend,Unknown,0.0,6110.030000000001,0.0,0.0,2023-09-30,Online,Pune,1182.9,0.0
4191,Men,Running,React Infinity,M,0.0,6110.030000000001,0.0,0.0,2024-07-22,Online,Pune,671.86,0.0
4192,Men,Lifestyle,Waffle One,Unknown,0.0,3339.95,1.0,0.0,2025/05/26,Retail,Delhi,642.55,0.0
4193,Kids,Basketball,Kyrie Flytrap,XL,1.0,6110.030000000001,0.0,0.0,04-12-2024,Online,Mumbai,1192.66,0.0
4194,Kids,Running,React Infinity,L,0.0,6110.030000000001,0.0,0.0,2024/10/28,Retail,Delhi,-759.55,0.0
4195,Kids,Training,Metcon 7,L,0.0,6317.4,0.0,0.0,2023-09-23,Retail,Mumbai,-746.03,0.0
4199,Women,Running,Free RN,Unknown,0.0,6110.030000000001,0.0,0.0,2025-05-25,Online,Hyderabad,-731.89,0.0
4201,Kids,Running,React Infinity,L,3.0,6110.030000000001,0.0,0.0,2025-05-09,Retail,Kolkata,1412.54,0.0
4202,Men,Training,SuperRep Go,L,4.0,4996.25,0.0,0.0,2025/05/16,Online,Pune,299.85,0.0
4204,Kids,Lifestyle,Waffle One,Unknown,0.0,7265.47,0.0,0.0,2025-04-16,Online,Pune,1589.71,0.0
4205,Kids,Lifestyle,Waffle One,XL,0.0,6110.030000000001,0.0,0.0,13-10-2024,Online,Mumbai,2333.09,0.0
4206,Kids,Basketball,Kyrie Flytrap,Unknown,0.0,6110.030000000001,0.0,0.0,07-11-2024,Online,Bangalore,943.16,0.0
4207,Women,Basketball,Air Jordan,L,0.0,6110.030000000001,0.0,0.0,2024/11/15,Retail,Hyderabad,2063.27,0.0
4208,Kids,Running,React Infinity,Unknown,0.0,6110.030000000001,0.0,0.0,2025/04/08,Retail,Pune,-942.96,0.0
4209,Women,Running,Air Zoom,M,1.0,6110.030000000001,0.0,0.0,2023-12-03,Online,Kolkata,3222.58,0.0
4211,Men,Basketball,Air Jordan,9,0.0,6110.030000000001,1.09,0.0,19-04-2025,Online,Hyderabad,-253.76,0.0
4212,Men,Running,React Infinity,XL,3.0,6110.030000000001,0.9,0.0,2023-07-29,Online,Kolkata,3556.86,0.0
4213,Men,Lifestyle,Dunk Low,L,0.0,6110.030000000001,0.0,0.0,2024-05-26,Retail,Delhi,1165.42,0.0
4214,Men,Training,SuperRep Go,Unknown,0.0,6110.030000000001,0.0,0.0,2024/11/08,Retail,Pune,1393.11,0.0
4215,Men,Training,Flex Trainer,XL,3.0,7213.51,0.0,0.0,2025/07/13,Online,Kolkata,960.82,0.0
4216,Kids,Lifestyle,Waffle One,M,-1.0,4989.15,0.0,0.0,23-02-2025,Online,Delhi,3445.94,0.0
4217,Men,Soccer,Tiempo Legend,12,0.0,3080.23,0.22,0.0,2025-05-08,Online,Delhi,-950.13,0.0
4218,Kids,Running,Free RN,10,0.0,6296.17,0.0,0.0,11-02-2025,Online,Bangalore,3435.85,0.0
4220,Kids,Lifestyle,Dunk Low,M,2.0,2290.64,0.84,733.0,31-01-2025,Retail,Delhi,608.16,0.733
4223,Kids,Soccer,Mercurial Superfly,L,1.0,6110.030000000001,0.31,0.0,2025-02-04,Retail,Bangalore,-1152.37,0.0
4224,Kids,Training,ZoomX Invincible,Unknown,0.0,6110.030000000001,0.58,0.0,2024/10/10,Online,Hyderabad,2541.07,0.0
4225,Kids,Running,Free RN,XL,0.0,2941.85,1.12,0.0,01-05-2025,Online,Delhi,2776.82,0.0
4226,Women,Lifestyle,Waffle One,Unknown,-1.0,6110.030000000001,0.0,0.0,17-01-2025,Online,Delhi,2918.69,0.0
4227,Kids,Training,Metcon 7,L,0.0,6110.030000000001,0.0,0.0,2024-12-17,Retail,Mumbai,110.91,0.0
4228,Kids,Training,SuperRep Go,L,3.0,6110.030000000001,0.0,0.0,2025/05/12,Retail,Kolkata,-448.12,0.0
4229,Kids,Running,Free RN,XL,4.0,6110.030000000001,0.0,0.0,2025/06/20,Online,Pune,3470.61,0.0
4230,Kids,Lifestyle,Waffle One,L,0.0,6110.030000000001,0.0,0.0,2024/08/15,Retail,Hyderabad,-1193.85,0.0
4231,Kids,Lifestyle,Blazer Mid,XL,2.0,6652.23,1.09,-1197.4,2024-01-08,Online,Pune,-780.66,-1.1974
4235,Kids,Basketball,Zoom Freak,Unknown,4.0,3417.98,0.0,0.0,18-04-2025,Online,Bangalore,2112.47,0.0
4237,Men,Basketball,LeBron 20,L,1.0,6110.030000000001,0.0,0.0,2025/02/15,Online,Delhi,572.58,0.0
4238,Men,Soccer,Phantom GT,XL,2.0,6489.35,0.0,0.0,2024-12-14,Online,Hyderabad,-321.44,0.0
4239,Men,Running,Air Zoom,Unknown,0.0,6110.030000000001,1.13,0.0,2023-09-08,Online,Kolkata,-828.71,0.0
4240,Men,Running,Air Zoom,M,0.0,6110.030000000001,0.0,0.0,04-06-2025,Retail,Bangalore,1091.85,0.0
4241,Women,Basketball,LeBron 20,M,0.0,6110.030000000001,0.0,0.0,2024-10-29,Retail,Delhi,3890.05,0.0
4242,Kids,Basketball,Kyrie Flytrap,Unknown,0.0,3507.12,0.0,0.0,09-01-2025,Retail,Mumbai,2217.09,0.0
4245,Kids,Basketball,Zoom Freak,M,3.0,6110.030000000001,0.17,0.0,12-12-2024,Online,Delhi,2445.12,0.0
4246,Men,Running,Pegasus Turbo,L,0.0,3576.04,0.0,0.0,2025/01/10,Retail,Mumbai,3581.39,0.0
4247,Kids,Training,Flex Trainer,M,1.0,6110.030000000001,0.69,0.0,26-02-2025,Retail,Kolkata,1585.72,0.0
4249,Kids,Training,Flex Trainer,L,1.0,2902.95,0.6,1161.18,2024/10/11,Retail,Bangalore,-855.08,1.16118
4250,Women,Basketball,Air Jordan,11,0.0,6110.030000000001,0.0,0.0,2025-01-16,Online,Kolkata,2005.64,0.0
4251,Kids,Basketball,LeBron 20,M,1.0,6110.030000000001,0.59,0.0,2024-01-07,Retail,Mumbai,354.2,0.0
4252,Kids,Training,SuperRep Go,L,0.0,6110.030000000001,1.0,0.0,2024-06-08,Online,Hyderabad,2633.21,0.0
2013,Kids,Lifestyle,Blazer Mid,Unknown,0.0,6110.030000000001,0.24,0.0,2024/08/07,Online,Hyderabad,2827.54,0.0
4256,Women,Soccer,Tiempo Legend,XL,4.0,6110.030000000001,0.52,0.0,2024-12-18,Online,Hyderabad,-782.15,0.0
4257,Women,Training,Metcon 7,Unknown,0.0,5462.8,0.99,0.0,14-08-2024,Online,Kolkata,-1144.93,0.0
4258,Kids,Lifestyle,Dunk Low,L,-1.0,4189.36,0.0,0.0,2024-06-10,Retail,Pune,1276.34,0.0
4259,Men,Lifestyle,Air Force 1,L,0.0,6110.030000000001,0.35,0.0,2023-09-22,Retail,Bangalore,3351.25,0.0
2044,Men,Training,Flex Trainer,XL,0.0,6110.030000000001,0.0,0.0,2023-08-13,Online,Bangalore,1192.96,0.0
4262,Women,Basketball,LeBron 20,XL,0.0,6110.030000000001,0.0,0.0,2025/04/18,Online,Mumbai,-975.63,0.0
4263,Men,Running,React Infinity,Unknown,3.0,4641.58,0.0,0.0,2025/06/30,Retail,Delhi,2049.32,0.0
4264,Kids,Lifestyle,Air Force 1,M,-1.0,6012.55,0.0,0.0,2024-01-11,Online,Delhi,783.79,0.0
4265,Kids,Training,Flex Trainer,M,0.0,6110.030000000001,0.0,0.0,2024-02-08,Online,Kolkata,1852.59,0.0
4266,Men,Lifestyle,Waffle One,XL,3.0,6110.030000000001,0.0,0.0,2025-07-04,Online,Mumbai,-898.11,0.0
4270,Kids,Soccer,Tiempo Legend,L,0.0,6110.030000000001,0.0,0.0,01-01-2025,Online,Bangalore,679.64,0.0
4271,Kids,Lifestyle,Waffle One,XL,0.0,4426.69,0.52,0.0,13-01-2025,Online,Bangalore,-389.08,0.0
4272,Women,Basketball,Air Jordan,10,0.0,4529.52,0.0,0.0,2025/06/23,Online,Mumbai,2722.9,0.0
4273,Kids,Soccer,Phantom GT,7,3.0,3407.16,0.0,0.0,20-01-2025,Retail,Mumbai,1161.05,0.0
4274,Men,Basketball,Kyrie Flytrap,XL,0.0,6110.030000000001,0.0,0.0,27-04-2025,Online,Mumbai,1957.94,0.0
4276,Men,Basketball,Kyrie Flytrap,11,3.0,6110.030000000001,0.0,0.0,2025-02-05,Retail,Bangalore,-1109.4,0.0
4277,Women,Soccer,Phantom GT,11,0.0,6924.77,0.0,0.0,2024/10/03,Online,Bangalore,555.86,0.0
4279,Men,Training,ZoomX Invincible,XL,0.0,6110.030000000001,0.0,0.0,2025-04-30,Retail,Pune,1724.71,0.0
4280,Women,Soccer,Phantom GT,M,0.0,6110.030000000001,0.45,0.0,11-08-2024,Retail,Kolkata,3800.29,0.0
4282,Men,Soccer,Phantom GT,Unknown,0.0,2670.28,0.0,0.0,2025/03/20,Online,Pune,2334.23,0.0
4283,Men,Training,ZoomX Invincible,M,1.0,9649.36,0.95,482.47,2025-02-26,Retail,Bangalore,1158.69,0.48247
4284,Men,Running,Air Zoom,Unknown,0.0,2953.43,0.1,0.0,2024-05-15,Retail,Delhi,2708.4,0.0
4285,Kids,Lifestyle,Waffle One,Unknown,4.0,6110.030000000001,0.0,0.0,28-11-2024,Retail,Pune,3380.53,0.0
4286,Kids,Soccer,Tiempo Legend,L,0.0,5385.78,0.0,0.0,2025-06-08,Online,Kolkata,840.25,0.0
4288,Kids,Basketball,Air Jordan,Unknown,0.0,6754.13,0.0,0.0,24-09-2024,Online,Hyderabad,3737.27,0.0
4290,Kids,Lifestyle,Blazer Mid,Unknown,-1.0,6110.030000000001,0.0,0.0,2025-01-25,Retail,Kolkata,698.53,0.0
4292,Men,Training,ZoomX Invincible,L,2.0,6110.030000000001,0.23,0.0,24-11-2024,Online,Delhi,1328.75,0.0
4293,Women,Basketball,Kyrie Flytrap,XL,0.0,6110.030000000001,0.0,0.0,20-03-2025,Retail,Delhi,635.45,0.0
4294,Women,Soccer,Premier III,Unknown,0.0,5238.91,0.0,0.0,2025-01-16,Online,Kolkata,1217.07,0.0
4295,Women,Basketball,Air Jordan,10,4.0,4469.12,0.0,0.0,15-03-2025,Retail,Mumbai,-1033.41,0.0
4297,Women,Running,React Infinity,L,0.0,6110.030000000001,0.0,0.0,06-03-2025,Online,Kolkata,1123.18,0.0
4298,Men,Running,React Infinity,Unknown,4.0,6110.030000000001,0.37,0.0,13-08-2024,Online,Mumbai,1574.59,0.0
4299,Kids,Running,Free RN,Unknown,0.0,6110.030000000001,0.0,0.0,2025/06/14,Online,Pune,3967.64,0.0
4300,Kids,Basketball,Zoom Freak,Unknown,0.0,6110.030000000001,0.0,0.0,2024/12/27,Online,Kolkata,1868.82,0.0
2026,Kids,Training,ZoomX Invincible,Unknown,0.0,6110.030000000001,0.0,0.0,2024-01-05,Online,Kolkata,-264.65,0.0
4302,Kids,Training,Flex Trainer,11,0.0,6110.030000000001,0.0,0.0,2025/06/03,Retail,Pune,3813.44,0.0
4303,Men,Soccer,Phantom GT,L,0.0,7587.07,0.0,0.0,2024-07-21,Online,Bangalore,-1131.99,0.0
4304,Kids,Basketball,Kyrie Flytrap,L,0.0,4877.24,0.0,0.0,2024-07-07,Retail,Hyderabad,2692.2,0.0
4305,Women,Lifestyle,Waffle One,M,0.0,2270.57,0.0,0.0,07-12-2024,Retail,Bangalore,-331.09,0.0
4306,Kids,Basketball,Air Jordan,M,0.0,6110.030000000001,0.0,0.0,21-09-2024,Retail,Bangalore,867.77,0.0
4308,Men,Basketball,LeBron 20,XL,0.0,6110.030000000001,0.21,0.0,05-06-2025,Retail,Pune,982.03,0.0
4309,Women,Training,Metcon 7,M,0.0,6110.030000000001,0.12,0.0,2025/06/18,Online,Pune,-9.44,0.0
4310,Kids,Basketball,Zoom Freak,XL,0.0,9745.69,0.16,0.0,17-06-2025,Retail,Delhi,138.5,0.0
4311,Men,Training,SuperRep Go,L,3.0,6110.030000000001,0.46,0.0,2023-08-16,Retail,Bangalore,2595.51,0.0
4314,Kids,Lifestyle,Blazer Mid,Unknown,4.0,8823.88,0.0,0.0,2025/07/22,Online,Hyderabad,573.58,0.0
4315,Women,Lifestyle,Dunk Low,M,4.0,4080.51,0.0,0.0,2024-03-04,Retail,Pune,3322.21,0.0
4316,Men,Running,React Infinity,XL,0.0,6110.030000000001,0.0,0.0,2024-01-04,Retail,Hyderabad,405.43,0.0
4317,Kids,Lifestyle,Blazer Mid,L,0.0,9623.53,0.0,0.0,2024-10-15,Retail,Bangalore,-448.89,0.0
4318,Women,Basketball,Kyrie Flytrap,11,-1.0,6110.030000000001,0.0,0.0,16-10-2024,Retail,Kolkata,883.91,0.0
2027,Men,Training,SuperRep Go,L,0.0,6110.030000000001,0.08,0.0,2024-11-14,Retail,Kolkata,126.1,0.0
4320,Women,Training,SuperRep Go,11,0.0,6110.030000000001,0.0,0.0,2024-09-27,Online,Delhi,1848.29,0.0
4321,Kids,Running,Free RN,XL,0.0,6646.84,0.0,0.0,2024-01-15,Online,Mumbai,2210.19,0.0
4322,Women,Lifestyle,Waffle One,M,0.0,6110.030000000001,0.0,0.0,2025/01/20,Online,Mumbai,1939.05,0.0
4323,Men,Lifestyle,Air Force 1,M,0.0,8526.42,1.02,0.0,2024/10/26,Retail,Delhi,3573.83,0.0
4325,Men,Basketball,Zoom Freak,L,0.0,6110.030000000001,0.0,0.0,2025/01/15,Retail,Bangalore,-402.21,0.0
4326,Women,Lifestyle,Air Force 1,XL,0.0,9604.84,0.31,0.0,2024-06-06,Retail,Delhi,-143.11,0.0
4327,Men,Training,SuperRep Go,Unknown,-1.0,6348.4,0.0,0.0,15-12-2024,Retail,Pune,1249.15,0.0
4328,Men,Basketball,Zoom Freak,Unknown,0.0,3943.71,0.0,0.0,29-04-2025,Online,Hyderabad,2631.07,0.0
2003,Men,Lifestyle,Blazer Mid,M,3.0,6110.030000000001,0.36,0.0,16-08-2024,Retail,Delhi,1884.04,0.0
4330,Kids,Lifestyle,Air Force 1,M,1.0,4087.76,0.0,0.0,17-07-2025,Retail,Bangalore,-831.23,0.0
4331,Women,Training,SuperRep Go,Unknown,2.0,4574.53,0.04,8783.1,2025-01-03,Retail,Kolkata,3534.47,8.783100000000001
4332,Women,Running,Pegasus Turbo,Unknown,0.0,6110.030000000001,0.12,0.0,2024-09-24,Online,Delhi,2181.1,0.0
4333,Men,Lifestyle,Blazer Mid,Unknown,0.0,5179.28,0.0,0.0,04-06-2025,Retail,Mumbai,3256.38,0.0
4334,Kids,Basketball,Air Jordan,Unknown,0.0,4393.46,0.0,0.0,2024/08/12,Online,Kolkata,2432.09,0.0
4335,Kids,Running,Air Zoom,Unknown,0.0,6110.030000000001,0.0,0.0,2025-06-30,Online,Kolkata,133.01,0.0
4339,Women,Lifestyle,Dunk Low,L,0.0,6110.030000000001,0.33,0.0,2024/11/21,Retail,Hyderabad,2003.0,0.0
2009,Kids,Running,Pegasus Turbo,L,0.0,6110.030000000001,0.84,0.0,2023-11-22,Retail,Delhi,1671.62,0.0
4344,Kids,Soccer,Premier III,8,0.0,6110.030000000001,0.0,0.0,2024-01-18,Online,Delhi,-467.18,0.0
4345,Kids,Training,Metcon 7,Unknown,0.0,2282.8,0.28,0.0,2024-11-29,Retail,Pune,459.9,0.0
4346,Men,Training,ZoomX Invincible,M,0.0,6110.030000000001,0.71,0.0,2025/05/04,Online,Mumbai,3222.9,0.0
4347,Men,Lifestyle,Dunk Low,12,-1.0,9440.95,0.0,0.0,2025-03-10,Retail,Hyderabad,2945.56,0.0
4348,Women,Lifestyle,Blazer Mid,Unknown,0.0,6110.030000000001,0.0,0.0,2023-09-25,Online,Pune,25.44,0.0
4350,Men,Soccer,Phantom GT,M,0.0,6110.030000000001,0.0,0.0,2024-05-30,Online,Delhi,2515.85,0.0
4351,Men,Soccer,Mercurial Superfly,M,0.0,6110.030000000001,0.0,0.0,2024-08-19,Online,Pune,3303.1,0.0
4352,Men,Running,Pegasus Turbo,9,-1.0,9332.64,0.57,-4013.04,2025-01-10,Retail,Kolkata,-238.9,-4.01304
4354,Men,Soccer,Premier III,Unknown,-1.0,6908.65,0.0,0.0,2025/03/08,Retail,Kolkata,720.09,0.0
4357,Women,Lifestyle,Air Force 1,6,0.0,7723.9,0.0,0.0,27-01-2025,Online,Pune,3626.91,0.0
4358,Kids,Basketball,LeBron 20,XL,2.0,6110.030000000001,0.43,0.0,2024/10/18,Online,Mumbai,2538.97,0.0
4359,Kids,Running,Pegasus Turbo,L,0.0,9336.51,0.0,0.0,2025/02/23,Online,Bangalore,92.73,0.0
4360,Women,Running,Pegasus Turbo,Unknown,0.0,2906.76,0.3,0.0,24-09-2024,Online,Hyderabad,829.32,0.0
4361,Kids,Lifestyle,Blazer Mid,M,0.0,5294.22,0.0,0.0,25-08-2024,Retail,Kolkata,-787.71,0.0
4362,Men,Training,Flex Trainer,Unknown,0.0,6110.030000000001,0.0,0.0,2025-07-08,Online,Kolkata,-81.22,0.0
4363,Kids,Basketball,Air Jordan,L,2.0,6110.030000000001,0.75,0.0,24-11-2024,Online,Delhi,-1071.83,0.0
4365,Men,Basketball,Zoom Freak,L,0.0,7357.98,0.0,0.0,2024/10/02,Online,Kolkata,-86.8,0.0
4366,Kids,Training,SuperRep Go,L,0.0,2572.92,0.0,0.0,16-02-2025,Retail,Kolkata,714.82,0.0
4367,Kids,Basketball,Kyrie Flytrap,Unknown,0.0,8832.85,0.0,0.0,2024-01-08,Retail,Kolkata,-1073.49,0.0
4368,Women,Soccer,Tiempo Legend,M,3.0,5481.64,1.18,-2960.09,12-10-2024,Retail,Delhi,2234.28,-2.96009
4370,Women,Running,Pegasus Turbo,L,2.0,5046.05,0.38,6257.1,13-10-2024,Retail,Mumbai,2530.73,6.2571
4371,Men,Lifestyle,Blazer Mid,7,0.0,2042.87,1.25,0.0,22-11-2024,Retail,Hyderabad,510.02,0.0
4373,Men,Lifestyle,Waffle One,M,0.0,6110.030000000001,0.0,0.0,2024/08/01,Retail,Bangalore,396.99,0.0
4374,Women,Basketball,Zoom Freak,XL,3.0,6110.030000000001,0.0,0.0,2024/11/19,Retail,Pune,-1129.38,0.0
4375,Women,Training,ZoomX Invincible,L,-1.0,6110.030000000001,0.45,0.0,12-06-2025,Online,Kolkata,-693.38,0.0
4376,Men,Soccer,Phantom GT,M,0.0,7651.93,1.08,0.0,2024/08/05,Online,Kolkata,546.84,0.0
4377,Women,Running,Free RN,12,0.0,6110.030000000001,0.89,0.0,2024/12/07,Retail,Mumbai,2302.22,0.0
4378,Men,Training,Flex Trainer,Unknown,4.0,2620.09,0.0,0.0,2024-08-29,Online,Mumbai,263.16,0.0
4382,Kids,Soccer,Mercurial Superfly,Unknown,2.0,6110.030000000001,0.0,0.0,2024/11/24,Retail,Hyderabad,3659.71,0.0
4383,Women,Soccer,Tiempo Legend,Unknown,0.0,6110.030000000001,0.16,0.0,2024-12-24,Retail,Delhi,3378.64,0.0
4384,Women,Running,Pegasus Turbo,Unknown,0.0,6110.030000000001,0.6,0.0,2024-06-15,Online,Kolkata,3507.63,0.0
4385,Men,Basketball,Kyrie Flytrap,L,0.0,9057.85,0.84,0.0,2023-12-13,Retail,Kolkata,1767.32,0.0
4386,Kids,Basketball,Zoom Freak,Unknown,2.0,3432.35,0.34,4530.7,14-06-2025,Online,Bangalore,2576.11,4.5306999999999995
4387,Women,Lifestyle,Dunk Low,Unknown,4.0,2616.9,0.0,0.0,27-03-2025,Retail,Delhi,3770.94,0.0
4388,Women,Training,ZoomX Invincible,M,0.0,6110.030000000001,0.0,0.0,2025/07/02,Retail,Bangalore,2186.94,0.0
4389,Women,Basketball,Zoom Freak,M,0.0,9304.56,0.0,0.0,2025/07/06,Online,Kolkata,2773.13,0.0
4390,Kids,Lifestyle,Waffle One,L,0.0,6110.030000000001,1.11,0.0,2024/12/05,Online,Bangalore,848.64,0.0
4391,Women,Lifestyle,Dunk Low,9,0.0,9569.18,0.0,0.0,2025/04/20,Retail,Pune,2446.09,0.0
4392,Kids,Training,Metcon 7,Unknown,0.0,6110.030000000001,0.0,0.0,19-04-2025,Retail,Bangalore,1619.78,0.0
4394,Women,Training,ZoomX Invincible,L,0.0,8873.61,0.81,0.0,2025/03/14,Retail,Bangalore,1663.56,0.0
4395,Kids,Running,Air Zoom,M,2.0,5282.31,0.0,0.0,20-04-2025,Online,Mumbai,3365.61,0.0
4396,Kids,Soccer,Phantom GT,Unknown,2.0,2392.41,0.0,0.0,30-01-2025,Online,Pune,1592.95,0.0
4397,Men,Running,React Infinity,9,-1.0,6110.030000000001,0.0,0.0,08-05-2025,Retail,Delhi,-671.54,0.0
4398,Men,Soccer,Premier III,XL,2.0,6110.030000000001,0.0,0.0,2024-06-29,Online,Delhi,1971.9,0.0
4399,Men,Basketball,Air Jordan,L,0.0,7607.91,0.0,0.0,2025/01/06,Online,Bangalore,-161.85,0.0
4400,Women,Lifestyle,Air Force 1,M,4.0,7798.57,0.28,22459.88,27-05-2025,Retail,Kolkata,1334.4,22.459880000000002
4401,Men,Lifestyle,Blazer Mid,XL,0.0,6110.030000000001,0.0,0.0,2024/11/25,Retail,Kolkata,3410.82,0.0
4402,Women,Soccer,Premier III,Unknown,1.0,6110.030000000001,0.38,0.0,2024/11/19,Online,Mumbai,2429.57,0.0
4403,Kids,Basketball,Kyrie Flytrap,L,0.0,3086.75,0.0,0.0,27-08-2024,Online,Pune,-681.62,0.0
4405,Women,Training,Flex Trainer,XL,-1.0,6110.030000000001,1.24,0.0,2025/02/24,Retail,Pune,3373.28,0.0
4406,Women,Basketball,Kyrie Flytrap,Unknown,0.0,4079.94,0.0,0.0,01-02-2025,Online,Kolkata,3276.97,0.0
4410,Men,Basketball,Kyrie Flytrap,XL,-1.0,5967.57,1.1,596.76,2024-01-26,Retail,Mumbai,-1011.68,0.59676
4412,Kids,Lifestyle,Blazer Mid,XL,1.0,6110.030000000001,0.0,0.0,2025/05/25,Online,Kolkata,3452.75,0.0
4413,Men,Running,Free RN,M,0.0,6110.030000000001,0.0,0.0,2024/09/03,Retail,Hyderabad,2790.67,0.0
4414,Kids,Running,Pegasus Turbo,9,0.0,6110.030000000001,0.32,0.0,05-09-2024,Retail,Hyderabad,3503.26,0.0
4416,Women,Basketball,Zoom Freak,Unknown,0.0,2365.6,0.0,0.0,2025/06/07,Retail,Mumbai,-178.54,0.0
4419,Kids,Training,Flex Trainer,9,0.0,6110.030000000001,0.0,0.0,17-01-2025,Online,Bangalore,61.45,0.0
4420,Women,Lifestyle,Blazer Mid,L,4.0,4904.79,1.19,-3727.64,2023-11-08,Retail,Pune,2633.82,-3.72764
4421,Women,Running,React Infinity,XL,0.0,6110.030000000001,0.0,0.0,2024/09/05,Online,Mumbai,3005.03,0.0
4422,Men,Running,React Infinity,Unknown,0.0,6110.030000000001,0.43,0.0,08-06-2025,Online,Delhi,1143.45,0.0
4423,Men,Running,Free RN,6,1.0,5381.5,0.0,0.0,03-01-2025,Retail,Pune,57.84,0.0
2007,Men,Soccer,Phantom GT,L,0.0,7652.31,0.0,0.0,2023-09-29,Retail,Bangalore,1515.95,0.0
4425,Women,Running,Air Zoom,L,0.0,4034.25,0.0,0.0,2023-09-04,Retail,Delhi,363.8,0.0
4426,Men,Lifestyle,Blazer Mid,M,1.0,6110.030000000001,0.0,0.0,02-12-2024,Online,Pune,2133.39,0.0
4427,Women,Lifestyle,Dunk Low,Unknown,2.0,8546.9,0.0,0.0,04-11-2024,Retail,Pune,-357.43,0.0
4428,Kids,Lifestyle,Waffle One,Unknown,2.0,6110.030000000001,0.0,0.0,2025-04-04,Online,Hyderabad,2700.85,0.0
4429,Kids,Soccer,Premier III,XL,2.0,6110.030000000001,0.49,0.0,2025/01/18,Retail,Kolkata,3905.15,0.0
4430,Kids,Basketball,Kyrie Flytrap,L,2.0,6110.030000000001,0.15,0.0,2025/05/16,Retail,Bangalore,3590.87,0.0
4431,Kids,Training,Metcon 7,XL,0.0,6110.030000000001,0.0,0.0,2025/01/15,Online,Bangalore,-537.53,0.0
4432,Men,Basketball,Air Jordan,XL,0.0,6378.45,0.0,0.0,06-06-2025,Retail,Hyderabad,2573.36,0.0
4434,Men,Basketball,Zoom Freak,L,3.0,3844.82,0.0,0.0,2025/02/09,Online,Hyderabad,-289.83,0.0
4436,Men,Training,SuperRep Go,M,4.0,2720.7,0.0,0.0,2025/04/08,Online,Pune,-818.53,0.0
4437,Men,Basketball,Kyrie Flytrap,XL,2.0,6110.030000000001,0.0,0.0,2023-11-25,Retail,Hyderabad,3972.33,0.0
4439,Women,Lifestyle,Dunk Low,Unknown,0.0,6110.030000000001,0.0,0.0,22-04-2025,Retail,Hyderabad,-324.47,0.0
4440,Men,Basketball,Zoom Freak,XL,0.0,6172.36,0.0,0.0,15-04-2025,Online,Mumbai,-551.75,0.0
4441,Kids,Soccer,Premier III,L,3.0,6110.030000000001,0.0,0.0,2024-05-05,Retail,Kolkata,2036.39,0.0
4442,Women,Soccer,Phantom GT,L,0.0,6110.030000000001,0.0,0.0,2024-05-22,Retail,Hyderabad,1366.18,0.0
4443,Men,Lifestyle,Dunk Low,9,3.0,7953.0,1.21,-5010.39,2025/05/12,Retail,Hyderabad,-665.22,-5.01039
4444,Men,Running,React Infinity,7,4.0,6110.030000000001,0.36,0.0,2024/10/04,Online,Kolkata,243.39,0.0
4445,Women,Training,Metcon 7,XL,1.0,5915.27,0.12,5205.44,2024/12/15,Retail,Mumbai,3456.95,5.205439999999999
4446,Men,Soccer,Mercurial Superfly,M,2.0,3469.31,0.28,4995.81,2025/01/26,Retail,Pune,2671.58,4.9958100000000005
4447,Kids,Running,Free RN,XL,0.0,6110.030000000001,0.0,0.0,2024-12-12,Retail,Delhi,1574.91,0.0
2030,Women,Basketball,Air Jordan,11,2.0,6110.030000000001,0.0,0.0,10-06-2025,Retail,Mumbai,2717.93,0.0
4449,Men,Lifestyle,Air Force 1,9,0.0,5053.29,0.0,0.0,2025/02/24,Retail,Kolkata,3206.34,0.0
4451,Women,Lifestyle,Dunk Low,Unknown,0.0,2049.73,0.0,0.0,08-11-2024,Online,Pune,2543.16,0.0
4452,Women,Lifestyle,Blazer Mid,M,1.0,6110.030000000001,0.0,0.0,2025/04/27,Online,Bangalore,-86.63,0.0
4453,Men,Training,Flex Trainer,XL,1.0,6110.030000000001,0.0,0.0,26-05-2025,Retail,Bangalore,2814.75,0.0
4454,Kids,Running,Pegasus Turbo,M,0.0,2915.54,0.0,0.0,02-01-2025,Retail,Delhi,-1188.64,0.0
4456,Women,Basketball,Kyrie Flytrap,XL,1.0,6110.030000000001,0.32,0.0,2023-12-16,Retail,Hyderabad,450.51,0.0
2019,Men,Lifestyle,Air Force 1,L,-1.0,2452.52,0.12,-2158.22,26-07-2024,Retail,Hyderabad,-1199.45,-2.1582199999999996
4458,Kids,Soccer,Premier III,L,0.0,6500.77,0.22,0.0,2024-10-28,Retail,Mumbai,870.08,0.0
4463,Men,Soccer,Premier III,11,3.0,8317.53,0.6,9981.04,07-06-2025,Retail,Pune,1821.65,9.98104
2019,Men,Basketball,LeBron 20,Unknown,3.0,6110.030000000001,0.85,0.0,2024/08/13,Online,Delhi,347.96,0.0
4466,Kids,Soccer,Mercurial Superfly,Unknown,0.0,4743.16,0.0,0.0,2024-03-06,Retail,Mumbai,3480.06,0.0
4467,Kids,Lifestyle,Air Force 1,XL,0.0,3918.43,0.0,0.0,2024-09-03,Retail,Kolkata,2820.24,0.0
4468,Men,Soccer,Premier III,XL,3.0,6077.13,1.13,-2370.08,2023-11-27,Online,Mumbai,3173.31,-2.3700799999999997
4471,Kids,Basketball,Zoom Freak,Unknown,0.0,2184.95,0.0,0.0,2025/06/20,Online,Mumbai,3303.4,0.0
4472,Women,Basketball,LeBron 20,Unknown,2.0,6833.94,0.0,0.0,2024-08-12,Online,Hyderabad,-151.52,0.0
4475,Kids,Soccer,Tiempo Legend,M,0.0,6110.030000000001,1.25,0.0,2024-03-04,Online,Hyderabad,1487.03,0.0
4476,Women,Lifestyle,Waffle One,L,0.0,4495.47,0.0,0.0,2025/01/27,Online,Bangalore,560.2,0.0
4477,Men,Running,Pegasus Turbo,6,0.0,6110.030000000001,0.0,0.0,10-12-2024,Online,Delhi,-838.22,0.0
4479,Kids,Lifestyle,Air Force 1,Unknown,0.0,7530.67,0.0,0.0,2024-12-04,Online,Kolkata,3209.42,0.0
4480,Men,Training,SuperRep Go,7,0.0,6110.030000000001,0.61,0.0,05-05-2025,Retail,Hyderabad,1920.5,0.0
4481,Men,Soccer,Mercurial Superfly,L,0.0,8504.98,0.88,0.0,11-12-2024,Retail,Delhi,1227.48,0.0
4482,Kids,Soccer,Phantom GT,L,2.0,6110.030000000001,0.0,0.0,2024-07-16,Online,Mumbai,-742.03,0.0
4483,Kids,Lifestyle,Blazer Mid,M,0.0,2844.04,0.12,0.0,12-06-2025,Online,Hyderabad,-1026.86,0.0
4484,Men,Basketball,Air Jordan,11,3.0,5981.92,0.8,3589.15,2024/12/12,Retail,Hyderabad,-751.05,3.58915
4485,Men,Training,Flex Trainer,L,0.0,6110.030000000001,0.78,0.0,2025/03/26,Retail,Pune,-367.25,0.0
4486,Women,Training,Flex Trainer,XL,0.0,6110.030000000001,0.0,0.0,2023-10-15,Online,Bangalore,3338.79,0.0
4487,Men,Lifestyle,Air Force 1,L,0.0,9009.71,0.4,0.0,21-08-2024,Retail,Pune,-996.86,0.0
4488,Women,Training,Flex Trainer,8,2.0,6110.030000000001,0.0,0.0,2024/12/16,Retail,Pune,3045.38,0.0
4489,Kids,Lifestyle,Blazer Mid,9,3.0,6110.030000000001,1.15,0.0,2025-04-02,Retail,Bangalore,1890.99,0.0
4490,Women,Training,Metcon 7,L,0.0,6110.030000000001,0.0,0.0,23-02-2025,Online,Kolkata,-1173.84,0.0
4493,Women,Lifestyle,Blazer Mid,XL,4.0,6110.030000000001,0.0,0.0,2024-10-04,Online,Mumbai,321.24,0.0
4494,Women,Training,ZoomX Invincible,L,0.0,6110.030000000001,0.0,0.0,12-02-2025,Online,Kolkata,1357.29,0.0
4495,Kids,Basketball,Kyrie Flytrap,XL,3.0,6110.030000000001,0.0,0.0,2025-05-14,Online,Pune,2.97,0.0
4497,Men,Soccer,Tiempo Legend,7,0.0,6647.6,0.52,0.0,02-07-2025,Retail,Bangalore,-918.14,0.0
4498,Women,Training,ZoomX Invincible,Unknown,4.0,5358.7,0.0,0.0,11-12-2024,Online,Mumbai,3352.29,0.0
4499,Women,Running,Air Zoom,M,0.0,5550.99,0.0,0.0,23-11-2024,Retail,Mumbai,2453.57,0.0
